zip_code,pop_25_over,pct_bachelors_plus_25_over,count_bachelors_plus_25_over,pop_18_24,pct_bachelor_and_over_18_24,count_bachelors_plus_18_24
06390,38.0,39.5,15,7.0,100.0,7
10001,22724.0,71.5,16248,3033.0,33.5,1016
10002,59418.0,39.0,23173,5978.0,30.8,1841
10003,36544.0,82.2,30039,13489.0,24.2,3264
10004,3010.0,90.9,2736,89.0,33.7,30
10005,7325.0,84.3,6175,1070.0,50.7,542
10006,3465.0,84.9,2942,709.0,10.0,71
10007,5618.0,86.4,4854,634.0,62.3,395
10009,47633.0,62.6,29818,4659.0,58.4,2721
10010,23770.0,80.5,19135,4069.0,25.7,1046
10011,41026.0,79.2,32493,3847.0,36.8,1416
10012,17230.0,83.3,14353,2677.0,67.5,1807
10013,21815.0,72.0,15707,2611.0,22.4,585
10014,25727.0,84.9,21842,1787.0,65.5,1170
10016,43154.0,81.7,35257,6398.0,68.6,4389
10017,13266.0,85.3,11316,1118.0,75.2,841
10018,7458.0,75.2,5608,617.0,48.6,300
10019,39679.0,77.5,30751,1881.0,72.3,1360
10020,0.0,,,0.0,,
10021,31592.0,80.6,25463,1750.0,66.1,1157
10022,29095.0,83.6,24323,1300.0,60.1,781
10023,53645.0,84.3,45223,3853.0,25.8,994
10024,50060.0,84.2,42151,2053.0,44.3,909
10025,70984.0,68.8,48837,9447.0,36.9,3486
10026,27341.0,53.5,14627,2765.0,22.2,614
10027,42572.0,51.8,22052,10868.0,21.6,2347
10028,37523.0,83.2,31219,1883.0,43.5,819
10029,54112.0,35.7,19318,6643.0,21.6,1435
10030,22234.0,34.9,7760,2570.0,20.8,535
10031,47341.0,40.8,19315,3820.0,33.9,1295
10032,42647.0,39.8,16974,5593.0,26.6,1488
10033,39698.0,41.3,16395,4976.0,22.1,1100
10034,29329.0,39.2,11497,2370.0,19.6,465
10035,27782.0,30.7,8529,3187.0,23.3,743
10036,25778.0,69.3,17864,2692.0,60.9,1639
10037,14375.0,43.2,6210,1035.0,23.6,244
10038,16805.0,61.6,10352,3210.0,34.5,1107
10039,21944.0,27.2,5969,2056.0,20.4,419
10040,32180.0,38.3,12325,2835.0,22.3,632
10044,9119.0,72.0,6566,604.0,29.0,175
10065,24999.0,85.9,21474,973.0,55.0,535
10069,4958.0,91.0,4512,60.0,75.0,45
10075,18743.0,84.8,15894,1740.0,34.7,604
10103,0.0,,,0.0,,
10110,0.0,,,0.0,,
10111,0.0,,,0.0,,
10112,0.0,,,0.0,,
10115,0.0,,,0.0,,
10119,0.0,,,0.0,,
10128,47586.0,77.5,36879,3461.0,53.8,1862
10152,0.0,,,0.0,,
10153,0.0,,,0.0,,
10154,0.0,,,0.0,,
10162,1349.0,64.5,870,35.0,51.4,18
10165,0.0,,,0.0,,
10167,0.0,,,0.0,,
10168,0.0,,,0.0,,
10169,0.0,,,0.0,,
10170,0.0,,,0.0,,
10171,0.0,,,0.0,,
10172,0.0,,,0.0,,
10173,0.0,,,0.0,,
10174,0.0,,,0.0,,
10177,0.0,,,0.0,,
10199,0.0,,,0.0,,
10271,0.0,,,0.0,,
10278,0.0,,,0.0,,
10279,129.0,83.7,108,0.0,,
10280,7065.0,89.6,6330,565.0,51.2,289
10282,4258.0,82.0,3492,131.0,45.8,60
10301,27600.0,38.2,10543,3478.0,12.6,438
10302,12959.0,28.9,3745,1928.0,7.1,137
10303,17467.0,29.6,5170,2220.0,13.1,291
10304,31617.0,31.4,9928,4368.0,15.4,673
10305,31274.0,31.9,9976,2917.0,21.8,636
10306,40780.0,33.6,13702,4269.0,27.1,1157
10307,10140.0,39.5,4005,1228.0,44.8,550
10308,21765.0,40.4,8793,2256.0,26.1,589
10309,24801.0,39.9,9896,2353.0,29.4,692
10310,17295.0,30.8,5327,1916.0,19.4,372
10311,0.0,,,0.0,,
10312,43322.0,40.9,17719,5303.0,30.0,1591
10314,66392.0,37.3,24764,7743.0,27.7,2145
10451,33363.0,21.3,7106,4581.0,7.5,344
10452,48761.0,14.3,6973,6814.0,5.5,375
10453,50649.0,14.5,7344,7516.0,9.8,737
10454,25673.0,13.9,3569,4118.0,10.9,449
10455,27010.0,16.1,4349,4554.0,8.9,405
10456,54317.0,14.0,7604,8602.0,7.2,619
10457,49107.0,14.9,7317,7802.0,6.5,507
10458,47734.0,16.1,7685,11328.0,7.2,816
10459,30929.0,13.8,4268,4960.0,11.2,556
10460,39377.0,15.2,5985,5521.0,5.7,315
10461,36094.0,27.4,9890,3770.0,17.6,664
10462,51042.0,27.7,14139,6680.0,13.5,902
10463,49501.0,43.9,21731,4510.0,28.7,1294
10464,3581.0,45.8,1640,137.0,0.0,0
10465,31462.0,29.4,9250,4626.0,14.5,671
10466,49752.0,25.9,12886,6031.0,14.5,874
10467,65056.0,22.0,14312,8550.0,11.4,975
10468,52437.0,15.6,8180,6825.0,8.7,594
10469,47945.0,29.1,13952,6169.0,13.3,820
10470,12190.0,40.8,4974,931.0,28.5,265
10471,16740.0,58.5,9793,2409.0,10.3,248
10472,40000.0,13.6,5440,6620.0,8.8,583
10473,40712.0,23.8,9689,6083.0,10.8,657
10474,6842.0,15.0,1026,1234.0,22.5,278
10475,30825.0,27.6,8508,3902.0,19.2,749
10501,1027.0,77.0,791,142.0,47.9,68
10502,3930.0,77.2,3034,320.0,10.0,32
10503,127.0,93.7,119,0.0,,
10504,5339.0,81.1,4330,403.0,29.8,120
10505,901.0,64.4,580,156.0,57.7,90
10506,4069.0,86.0,3499,506.0,29.6,150
10507,4267.0,45.4,1937,525.0,36.4,191
10509,14876.0,43.4,6456,1192.0,27.9,333
10510,7286.0,74.2,5406,765.0,39.9,305
10511,1557.0,45.8,713,226.0,65.9,149
10512,17864.0,42.3,7556,1702.0,21.5,366
10514,7965.0,82.9,6603,617.0,18.2,112
10516,4095.0,61.7,2527,282.0,30.1,85
10517,377.0,33.2,125,95.0,26.3,25
10518,653.0,89.9,587,44.0,100.0,44
10519,107.0,43.9,47,0.0,,
10520,8929.0,63.0,5625,933.0,35.5,331
10522,7569.0,67.1,5079,1174.0,23.7,278
10523,6588.0,50.9,3353,901.0,41.0,369
10524,3245.0,52.6,1707,275.0,16.7,46
10526,1423.0,78.8,1121,138.0,17.4,24
10527,410.0,78.8,323,2.0,0.0,0
10528,9438.0,57.9,5465,797.0,32.5,259
10530,11180.0,65.1,7278,711.0,49.2,350
10532,3787.0,53.6,2030,508.0,52.8,268
10533,4840.0,85.4,4133,327.0,7.6,25
10535,275.0,61.5,169,0.0,,
10536,7305.0,74.8,5464,856.0,37.7,323
10537,1700.0,51.0,867,341.0,9.7,33
10538,12221.0,82.0,10021,927.0,29.7,275
10540,11.0,0.0,0,13.0,0.0,0
10541,18084.0,43.3,7830,2482.0,37.4,928
10542,0.0,,,0.0,,
10543,14495.0,56.6,8204,1656.0,27.1,449
10545,178.0,60.1,107,4.0,0.0,0
10546,815.0,88.6,722,155.0,89.7,139
10547,5322.0,52.4,2789,538.0,25.5,137
10548,2687.0,43.4,1166,829.0,13.8,114
10549,10894.0,60.2,6558,1171.0,18.3,214
10550,28940.0,23.3,6743,2504.0,15.6,391
10552,16544.0,51.5,8520,1732.0,13.2,229
10553,7833.0,42.9,3360,852.0,16.7,142
10560,3569.0,64.9,2316,236.0,27.1,64
10562,24733.0,45.5,11254,2444.0,19.0,464
10566,18974.0,37.9,7191,2308.0,19.3,445
10567,13911.0,51.4,7150,1907.0,11.8,225
10570,8419.0,73.1,6154,1798.0,23.2,417
10573,28881.0,43.9,12679,3594.0,20.1,722
10576,3563.0,77.4,2758,555.0,35.3,196
10577,1932.0,81.8,1580,3360.0,9.4,316
10578,1178.0,72.6,855,120.0,68.3,82
10579,6201.0,47.4,2939,826.0,30.9,255
10580,11450.0,80.9,9263,1316.0,33.8,445
10583,27202.0,80.8,21979,2241.0,32.4,726
10588,2021.0,51.9,1049,333.0,49.2,164
10589,5975.0,65.8,3932,227.0,59.9,136
10590,5212.0,69.2,3607,450.0,36.7,165
10591,17568.0,53.5,9399,1582.0,26.7,422
10594,3851.0,47.8,1841,389.0,16.5,64
10595,5124.0,46.7,2393,957.0,53.9,516
10596,594.0,42.1,250,0.0,,
10597,397.0,69.8,277,50.0,52.0,26
10598,20389.0,57.6,11744,2478.0,30.1,746
10601,8558.0,55.8,4775,842.0,29.5,248
10603,13914.0,47.1,6553,1463.0,37.9,554
10604,8137.0,51.3,4174,762.0,39.4,300
10605,14752.0,65.8,9707,1286.0,41.3,531
10606,12159.0,45.2,5496,1329.0,20.5,272
10607,4517.0,53.4,2412,488.0,25.6,125
10701,47301.0,29.5,13954,6264.0,11.3,708
10703,15519.0,26.2,4066,2232.0,9.8,219
10704,22750.0,36.7,8349,2794.0,14.2,397
10705,26969.0,30.1,8118,3903.0,9.8,382
10706,6516.0,73.0,4757,667.0,45.9,306
10707,7392.0,62.1,4590,774.0,30.0,232
10708,15339.0,64.8,9940,2715.0,12.9,350
10709,6726.0,67.6,4547,865.0,42.3,366
10710,18753.0,43.7,8195,1948.0,30.4,592
10801,28207.0,43.2,12185,5815.0,22.0,1279
10803,8268.0,73.5,6077,833.0,35.4,295
10804,10269.0,79.9,8205,950.0,34.5,328
10805,15916.0,35.0,5571,2017.0,37.7,760
10901,16649.0,47.5,7908,2333.0,17.6,411
10910,0.0,,,0.0,,
10911,18.0,55.6,10,0.0,,
10913,3514.0,49.0,1722,826.0,20.5,169
10914,328.0,54.3,178,113.0,34.5,39
10915,0.0,,,0.0,,
10916,3088.0,44.9,1387,422.0,36.5,154
10917,1005.0,45.7,459,174.0,0.0,0
10918,8324.0,41.1,3421,1004.0,18.5,186
10919,1091.0,44.3,483,49.0,16.3,8
10920,5773.0,52.3,3019,782.0,31.6,247
10921,3115.0,30.9,963,355.0,4.5,16
10922,817.0,28.5,233,100.0,100.0,100
10923,5982.0,36.2,2165,517.0,19.9,103
10924,9654.0,41.6,4016,1210.0,23.7,287
10925,3462.0,34.8,1205,302.0,6.3,19
10926,2632.0,43.5,1145,174.0,41.4,72
10927,8277.0,24.3,2011,1130.0,7.5,85
10928,3778.0,32.8,1239,361.0,14.1,51
10930,6632.0,48.1,3190,1268.0,21.5,273
10931,695.0,27.9,194,88.0,14.8,13
10932,14.0,0.0,0,0.0,,
10933,140.0,28.6,40,13.0,0.0,0
10940,35655.0,24.0,8557,4797.0,12.3,590
10941,9953.0,30.9,3075,2008.0,14.2,285
10950,28244.0,25.8,7287,8032.0,7.8,626
10952,20060.0,26.4,5296,5475.0,6.4,350
10953,0.0,,,0.0,,
10954,19560.0,46.7,9135,2193.0,32.6,715
10956,21647.0,58.2,12599,2319.0,39.4,914
10958,1931.0,26.8,518,219.0,19.6,43
10960,11288.0,62.6,7066,1429.0,18.5,264
10962,3812.0,55.7,2123,300.0,32.3,97
10963,3152.0,16.9,533,181.0,32.0,58
10964,1072.0,59.3,636,98.0,44.9,44
10965,10511.0,47.4,4982,1224.0,43.4,531
10968,1904.0,65.5,1247,153.0,44.4,68
10969,860.0,28.0,241,41.0,0.0,0
10970,7866.0,44.5,3500,844.0,18.4,155
10973,1503.0,43.4,652,242.0,0.0,0
10974,2235.0,42.7,954,350.0,26.9,94
10975,176.0,6.3,11,0.0,,
10976,1207.0,53.6,647,605.0,6.9,42
10977,35570.0,23.1,8217,6621.0,7.6,503
10979,84.0,0.0,0,0.0,,
10980,9694.0,36.7,3558,1171.0,38.0,445
10983,4046.0,61.9,2504,503.0,47.7,240
10984,1958.0,37.9,742,164.0,25.0,41
10985,12.0,50.0,6,0.0,,
10986,1029.0,43.2,445,205.0,22.9,47
10987,3120.0,48.8,1523,285.0,20.0,57
10988,383.0,44.4,170,79.0,0.0,0
10989,6548.0,57.8,3785,491.0,37.7,185
10990,14925.0,49.7,7418,1495.0,35.6,532
10992,6555.0,30.0,1966,1035.0,20.2,209
10993,3203.0,23.6,756,469.0,2.8,13
10994,4476.0,58.8,2632,319.0,10.3,33
10996,2069.0,78.7,1628,2742.0,3.2,88
10998,2400.0,40.8,979,350.0,13.7,48
11001,18123.0,53.4,9678,2146.0,22.4,481
11003,31823.0,32.9,10470,3999.0,15.7,628
11004,11393.0,44.0,5013,612.0,36.4,223
11005,2168.0,71.4,1548,12.0,0.0,0
11010,18050.0,39.7,7166,2497.0,26.9,672
11020,3968.0,62.9,2496,787.0,31.3,246
11021,14632.0,64.8,9482,1076.0,32.0,344
11023,5967.0,67.7,4040,716.0,30.6,219
11024,4795.0,52.1,2498,1216.0,5.5,67
11030,12100.0,83.6,10116,1073.0,29.3,314
11040,30332.0,56.1,17016,3564.0,34.9,1244
11042,232.0,2.6,6,0.0,,
11050,22452.0,66.6,14953,2043.0,33.9,693
11096,6303.0,27.7,1746,803.0,5.9,47
11101,30609.0,65.4,20018,2710.0,50.6,1371
11102,22497.0,58.2,13093,1769.0,37.0,655
11103,28416.0,52.4,14890,2249.0,40.3,906
11104,20901.0,51.3,10722,1237.0,30.0,371
11105,29964.0,54.6,16360,2553.0,26.8,684
11106,31294.0,52.3,16367,3117.0,33.4,1041
11109,5859.0,87.2,5109,121.0,100.0,121
11201,52350.0,79.2,41461,5557.0,41.6,2312
11203,57766.0,25.9,14961,4812.0,11.8,568
11204,49704.0,30.5,15160,5987.0,22.5,1347
11205,29902.0,52.5,15699,5828.0,16.4,956
11206,55844.0,36.3,20271,9195.0,22.9,2106
11207,64067.0,19.4,12429,8945.0,14.6,1306
11208,69088.0,15.8,10916,9431.0,9.9,934
11209,52678.0,52.8,27814,4036.0,25.4,1025
11210,41573.0,39.3,16338,4903.0,16.5,809
11211,46081.0,54.8,25252,6086.0,36.1,2197
11212,58490.0,16.4,9592,7603.0,6.4,487
11213,46710.0,34.0,15881,6745.0,20.3,1369
11214,63263.0,32.4,20497,6372.0,17.6,1121
11215,52975.0,80.2,42486,2605.0,41.0,1068
11216,47850.0,55.8,26700,3635.0,43.0,1563
11217,33086.0,73.0,24153,1711.0,41.4,708
11218,48420.0,51.0,24694,4948.0,25.0,1237
11219,48268.0,21.5,10378,8694.0,12.2,1061
11220,61457.0,25.4,15610,6415.0,19.4,1245
11221,65891.0,42.0,27674,9405.0,29.7,2793
11222,33461.0,65.4,21883,2656.0,52.1,1384
11223,50811.0,33.6,17072,5945.0,18.4,1094
11224,34534.0,33.5,11569,3380.0,9.9,335
11225,42884.0,48.1,20627,3995.0,24.2,967
11226,73768.0,36.2,26704,7775.0,17.5,1361
11228,31445.0,37.1,11666,3081.0,32.7,1007
11229,57192.0,41.3,23620,4662.0,18.6,867
11230,58329.0,43.7,25490,6108.0,15.8,965
11231,28376.0,69.1,19608,1774.0,12.6,224
11232,19667.0,36.2,7119,2063.0,11.1,229
11233,57837.0,32.5,18797,7875.0,26.6,2095
11234,62972.0,38.8,24433,6507.0,16.6,1080
11235,63022.0,49.6,31259,5020.0,18.2,914
11236,67475.0,28.5,19230,7534.0,13.9,1047
11237,33975.0,41.4,14066,4804.0,34.8,1672
11238,46155.0,71.2,32862,2143.0,36.7,786
11239,12088.0,22.1,2671,1057.0,5.9,62
11249,29279.0,59.2,17333,3102.0,30.4,943
11354,42188.0,32.9,13880,3028.0,21.2,642
11355,63003.0,23.6,14869,4094.0,22.5,921
11356,18608.0,25.0,4652,2174.0,21.4,465
11357,31776.0,37.9,12043,2344.0,26.2,614
11358,27630.0,37.3,10306,1951.0,28.4,554
11359,0.0,,,0.0,,
11360,15643.0,49.2,7696,969.0,41.2,399
11361,22559.0,48.1,10851,1743.0,32.7,570
11362,14414.0,52.2,7524,958.0,32.8,314
11363,5690.0,54.9,3124,300.0,46.7,140
11364,27005.0,48.7,13151,1995.0,28.1,561
11365,31784.0,38.8,12332,2684.0,25.5,684
11366,9657.0,52.0,5022,942.0,27.5,259
11367,27652.0,45.7,12637,4388.0,15.5,680
11368,72070.0,14.4,10378,8650.0,9.8,848
11369,23969.0,23.7,5681,2716.0,15.8,429
11370,21462.0,24.8,5323,2426.0,23.9,580
11371,0.0,,,0.0,,
11372,50623.0,35.1,17769,3869.0,20.1,778
11373,71522.0,29.6,21171,7264.0,15.5,1126
11374,34559.0,50.7,17521,2489.0,25.8,642
11375,58054.0,60.6,35181,3060.0,32.3,988
11377,64044.0,33.1,21199,4583.0,19.8,907
11378,26304.0,26.2,6892,3001.0,17.9,537
11379,28267.0,35.1,9922,2370.0,24.7,585
11385,74152.0,34.1,25286,9452.0,21.2,2004
11411,15593.0,35.5,5536,1424.0,16.4,234
11412,29265.0,25.2,7375,3601.0,12.0,432
11413,31554.0,29.5,9308,4113.0,8.0,329
11414,22530.0,31.3,7052,1358.0,9.9,134
11415,15761.0,52.9,8338,1350.0,25.2,340
11416,18547.0,24.8,4600,2406.0,19.0,457
11417,20880.0,24.7,5157,2466.0,22.9,565
11418,25171.0,32.4,8155,3139.0,19.9,625
11419,34825.0,20.7,7209,4222.0,18.2,768
11420,36016.0,21.8,7851,4601.0,16.0,736
11421,29452.0,26.0,7658,3945.0,22.0,868
11422,24045.0,33.3,8007,2612.0,13.6,355
11423,21382.0,34.3,7334,2446.0,12.6,308
11424,0.0,,,0.0,,
11426,14639.0,43.8,6412,1347.0,29.8,401
11427,19025.0,35.7,6792,1639.0,17.8,292
11428,13950.0,27.7,3864,1948.0,23.8,464
11429,20111.0,26.8,5390,2787.0,8.2,229
11430,334.0,5.4,18,27.0,0.0,0
11432,44034.0,35.7,15720,6070.0,23.9,1451
11433,24649.0,19.1,4708,3601.0,10.0,360
11434,47408.0,22.2,10525,5502.0,11.8,649
11435,41075.0,32.4,13308,4684.0,11.8,553
11436,14799.0,22.2,3285,2234.0,14.1,315
11439,8.0,100.0,8,2083.0,2.4,50
11451,0.0,,,0.0,,
11501,16671.0,54.8,9136,898.0,36.6,329
11507,4877.0,66.3,3233,685.0,50.1,343
11509,1414.0,60.2,851,59.0,45.8,27
11510,24555.0,43.0,10559,3103.0,26.9,835
11514,3330.0,50.2,1672,242.0,60.7,147
11516,5541.0,46.7,2588,880.0,13.8,121
11518,7482.0,44.3,3315,672.0,32.7,220
11520,31448.0,27.3,8585,3908.0,16.0,625
11530,18088.0,70.9,12824,2967.0,30.3,899
11542,21041.0,40.8,8585,2601.0,26.0,676
11545,8498.0,66.0,5609,730.0,42.9,313
11547,650.0,58.6,381,28.0,0.0,0
11548,978.0,67.5,660,1012.0,8.9,90
11549,86.0,69.8,60,2259.0,7.8,176
11550,41049.0,20.9,8579,5502.0,10.4,572
11552,16993.0,47.0,7987,2409.0,23.5,566
11553,18307.0,21.7,3973,3383.0,8.1,274
11554,25993.0,44.2,11489,2939.0,23.0,676
11556,0.0,,,0.0,,
11557,5696.0,65.3,3719,574.0,34.1,196
11558,6414.0,36.3,2328,585.0,16.9,99
11559,5209.0,56.1,2922,1344.0,30.6,411
11560,4783.0,60.0,2870,537.0,31.7,170
11561,30913.0,52.8,16322,2638.0,34.6,913
11563,16184.0,43.6,7056,1490.0,21.6,322
11565,6607.0,56.4,3726,489.0,26.6,130
11566,24679.0,57.7,14240,2337.0,29.5,689
11568,2192.0,76.4,1675,1459.0,14.8,216
11569,786.0,55.0,432,110.0,27.3,30
11570,19960.0,61.5,12275,1814.0,19.4,352
11572,21601.0,47.6,10282,2265.0,33.4,757
11575,12404.0,27.6,3424,2047.0,10.6,217
11576,9253.0,79.7,7375,875.0,41.8,366
11577,8817.0,67.7,5969,813.0,31.7,258
11579,3383.0,62.5,2114,283.0,45.6,129
11580,31232.0,37.7,11774,3894.0,22.1,861
11581,15073.0,47.6,7175,1839.0,34.2,629
11590,34801.0,40.1,13955,3773.0,13.5,509
11596,7004.0,56.1,3929,750.0,19.2,144
11598,7872.0,71.1,5597,1338.0,20.7,277
11691,43508.0,23.3,10137,5717.0,13.3,760
11692,14785.0,26.5,3918,1795.0,8.5,153
11693,9343.0,35.7,3335,838.0,18.4,154
11694,15451.0,43.3,6690,1056.0,14.8,156
11697,3078.0,51.9,1597,314.0,29.6,93
11701,19917.0,31.2,6214,2634.0,12.1,319
11702,10696.0,53.3,5701,849.0,30.3,257
11703,11973.0,34.5,4131,1697.0,25.2,428
11704,29119.0,31.8,9260,3386.0,16.7,565
11705,5813.0,56.2,3267,773.0,40.0,309
11706,45825.0,26.4,12098,5688.0,15.0,853
11709,5130.0,55.3,2837,470.0,41.9,197
11710,24382.0,54.0,13166,2075.0,28.7,596
11713,5866.0,36.8,2159,1133.0,11.7,133
11714,16087.0,40.8,6563,1486.0,37.1,551
11715,2839.0,56.6,1607,191.0,0.0,0
11716,6937.0,42.0,2914,669.0,19.7,132
11718,2097.0,57.4,1204,177.0,28.8,51
11719,2366.0,37.0,875,280.0,26.1,73
11720,19125.0,35.3,6751,2827.0,26.9,760
11721,4955.0,72.1,3573,335.0,22.4,75
11722,24640.0,18.4,4534,4003.0,5.1,204
11724,1875.0,80.1,1502,224.0,41.1,92
11725,20146.0,59.0,11886,2476.0,36.5,904
11726,14080.0,25.6,3604,2275.0,13.0,296
11727,21513.0,34.3,7379,2676.0,19.3,516
11729,18998.0,36.1,6858,1959.0,23.3,456
11730,10572.0,38.9,4113,1116.0,24.8,277
11731,21367.0,51.0,10897,2266.0,41.4,938
11732,2625.0,63.6,1670,103.0,8.7,9
11733,11901.0,62.9,7486,1542.0,25.0,386
11735,23939.0,44.7,10701,3147.0,34.0,1070
11738,12908.0,31.9,4118,2179.0,13.4,292
11739,922.0,59.3,547,86.0,41.9,36
11740,7503.0,57.0,4277,870.0,27.5,239
11741,18450.0,33.3,6144,2285.0,19.0,434
11742,9293.0,35.3,3280,1037.0,18.4,191
11743,30903.0,63.7,19685,3121.0,35.1,1095
11746,48359.0,50.3,24325,5291.0,21.4,1132
11747,15195.0,62.4,9482,1130.0,45.2,511
11749,2804.0,30.8,864,250.0,22.0,55
11751,10045.0,36.0,3616,847.0,25.3,214
11752,6592.0,31.9,2103,708.0,22.7,161
11753,8500.0,73.8,6273,678.0,37.3,253
11754,13155.0,45.6,5999,1272.0,37.3,474
11755,8172.0,48.3,3947,1009.0,38.8,391
11756,30325.0,36.9,11190,3851.0,23.2,893
11757,31729.0,30.3,9614,3383.0,19.4,656
11758,39549.0,49.5,19577,4239.0,32.5,1378
11762,16135.0,51.2,8261,1674.0,24.4,408
11763,20958.0,29.0,6078,2161.0,9.5,205
11764,8584.0,47.5,4077,1083.0,36.7,397
11765,524.0,79.0,414,52.0,38.5,20
11766,8142.0,51.3,4177,616.0,27.8,171
11767,10284.0,47.2,4854,1531.0,16.5,253
11768,16105.0,62.4,10050,1425.0,41.7,594
11769,6997.0,46.6,3261,840.0,18.8,158
11770,91.0,13.2,12,10.0,0.0,0
11771,7212.0,57.6,4154,803.0,44.0,353
11772,32807.0,32.7,10728,3885.0,16.0,622
11776,15898.0,36.1,5739,2170.0,30.6,664
11777,6788.0,68.7,4663,802.0,22.8,183
11778,8809.0,40.4,3559,1067.0,26.6,284
11779,26867.0,31.1,8356,3565.0,17.3,617
11780,11218.0,51.8,5811,1318.0,23.5,310
11782,10321.0,55.3,5708,906.0,33.3,302
11783,15177.0,45.8,6951,2072.0,27.7,574
11784,17763.0,29.6,5258,2652.0,18.3,485
11786,4284.0,43.7,1872,604.0,6.8,41
11787,24266.0,50.5,12254,3463.0,26.9,932
11788,12056.0,49.7,5992,1735.0,40.6,704
11789,5180.0,46.4,2404,780.0,21.9,171
11790,9250.0,69.1,6392,7982.0,9.3,742
11791,16569.0,70.6,11698,1374.0,33.8,464
11792,6093.0,47.8,2912,835.0,18.8,157
11793,21850.0,49.4,10794,2532.0,29.0,734
11794,28.0,78.6,22,1448.0,4.4,64
11795,16890.0,50.5,8529,2776.0,29.1,808
11796,2645.0,42.2,1116,358.0,22.1,79
11797,7021.0,65.8,4620,419.0,36.3,152
11801,30255.0,43.5,13161,4285.0,25.7,1101
11803,21294.0,66.4,14139,2252.0,40.3,908
11804,3083.0,70.1,2161,315.0,9.5,30
11901,23602.0,21.4,5051,2767.0,7.6,210
11930,520.0,62.3,324,59.0,0.0,0
11931,24.0,0.0,0,0.0,,
11932,586.0,63.7,373,0.0,,
11933,5454.0,28.3,1543,307.0,4.9,15
11934,5413.0,40.2,2176,689.0,14.2,98
11935,2441.0,55.4,1352,167.0,5.4,9
11937,15868.0,52.4,8315,1710.0,11.5,197
11939,1455.0,47.7,694,105.0,33.3,35
11940,3841.0,34.9,1341,451.0,20.0,90
11941,1845.0,39.6,731,134.0,0.0,0
11942,4399.0,50.9,2239,344.0,29.4,101
11944,3723.0,43.5,1620,250.0,19.2,48
11946,12230.0,42.7,5222,1756.0,16.5,290
11947,215.0,14.4,31,0.0,,
11948,611.0,54.3,332,138.0,0.0,0
11949,9598.0,35.0,3359,970.0,23.9,232
11950,10723.0,15.9,1705,1693.0,6.3,107
11951,9895.0,20.5,2028,1185.0,7.1,84
11952,3787.0,50.5,1912,297.0,0.0,0
11953,9898.0,32.3,3197,850.0,8.7,74
11954,3047.0,48.9,1490,267.0,6.4,17
11955,2025.0,37.7,763,186.0,20.4,38
11956,239.0,68.6,164,29.0,0.0,0
11957,1091.0,58.9,643,15.0,0.0,0
11958,560.0,39.6,222,70.0,0.0,0
11959,415.0,38.6,160,33.0,0.0,0
11960,777.0,69.1,537,44.0,0.0,0
11961,9696.0,31.3,3035,728.0,34.2,249
11962,490.0,83.1,407,12.0,0.0,0
11963,6234.0,54.5,3398,349.0,22.6,79
11964,2003.0,52.3,1048,218.0,0.0,0
11965,314.0,84.4,265,107.0,0.0,0
11967,18793.0,18.1,3402,2335.0,17.3,404
11968,11024.0,60.5,6670,939.0,6.8,64
11970,468.0,66.0,309,0.0,,
11971,4846.0,52.8,2559,274.0,25.9,71
11972,209.0,53.1,111,0.0,,
11973,4.0,100.0,4,38.0,31.6,12
11975,377.0,58.9,222,18.0,0.0,0
11976,1999.0,77.2,1543,159.0,40.3,64
11977,2174.0,56.9,1237,138.0,18.1,25
11978,3096.0,59.1,1830,503.0,23.1,116
11980,4028.0,39.3,1583,381.0,23.6,90
12007,230.0,35.7,82,0.0,,
12008,362.0,43.9,159,25.0,0.0,0
12009,5764.0,52.9,3049,585.0,44.3,259
12010,19431.0,22.9,4450,1755.0,11.1,195
12015,3172.0,39.4,1250,195.0,29.7,58
12017,384.0,57.6,221,29.0,0.0,0
12018,5327.0,42.7,2275,250.0,10.0,25
12019,11497.0,53.6,6162,829.0,19.4,161
12020,24492.0,42.6,10434,2873.0,30.4,873
12022,761.0,24.6,187,78.0,38.5,30
12023,1493.0,29.3,437,308.0,9.4,29
12024,72.0,37.5,27,0.0,,
12025,4059.0,31.2,1266,380.0,7.1,27
12027,3145.0,53.6,1686,468.0,24.6,115
12028,720.0,21.3,153,166.0,7.2,12
12029,809.0,47.3,383,81.0,12.3,10
12031,192.0,22.4,43,0.0,,
12032,587.0,17.5,103,36.0,0.0,0
12033,5993.0,34.7,2080,419.0,17.9,75
12035,340.0,25.6,87,31.0,0.0,0
12036,230.0,18.7,43,39.0,12.8,5
12037,2944.0,47.3,1393,393.0,34.6,136
12040,29.0,13.8,4,0.0,,
12041,333.0,26.1,87,0.0,,
12042,205.0,30.7,63,35.0,57.1,20
12043,5092.0,27.7,1410,1495.0,3.5,52
12045,185.0,50.8,94,52.0,100.0,52
12046,451.0,22.8,103,0.0,,
12047,15417.0,32.7,5041,2402.0,28.6,687
12051,4409.0,23.1,1018,520.0,0.0,0
12052,1306.0,34.1,445,151.0,0.0,0
12053,3382.0,31.0,1048,225.0,37.3,84
12054,12217.0,68.4,8356,1133.0,35.5,402
12056,1506.0,33.3,501,62.0,14.5,9
12057,1384.0,16.5,228,285.0,0.0,0
12058,959.0,21.1,202,232.0,2.6,6
12059,1222.0,29.4,359,140.0,6.4,9
12060,1516.0,54.7,829,49.0,36.7,18
12061,7212.0,54.2,3909,472.0,22.2,105
12062,1359.0,26.2,356,184.0,24.5,45
12063,574.0,40.6,233,28.0,0.0,0
12064,234.0,20.5,48,25.0,0.0,0
12065,32362.0,52.9,17119,2768.0,30.9,855
12066,1378.0,21.3,294,74.0,8.1,6
12067,901.0,21.8,196,17.0,0.0,0
12068,1943.0,17.5,340,140.0,0.0,0
12069,238.0,15.1,36,130.0,40.0,52
12070,1599.0,19.4,310,458.0,3.9,18
12071,163.0,39.9,65,0.0,,
12072,1833.0,16.8,308,310.0,12.3,38
12074,2201.0,29.0,638,204.0,3.4,7
12075,2238.0,36.6,819,308.0,56.2,173
12076,1054.0,25.8,272,37.0,0.0,0
12077,4777.0,65.1,3110,526.0,27.4,144
12078,16227.0,18.4,2986,1832.0,5.8,106
12082,3.0,100.0,3,0.0,,
12083,2573.0,32.6,839,248.0,24.2,60
12084,3445.0,60.1,2070,463.0,35.2,163
12085,309.0,23.9,74,0.0,,
12086,1250.0,24.2,302,189.0,8.5,16
12087,1125.0,25.3,285,206.0,0.0,0
12090,4087.0,22.7,928,355.0,4.2,15
12092,1121.0,29.0,325,107.0,4.7,5
12093,1025.0,27.0,277,76.0,1.3,1
12094,1817.0,29.8,541,178.0,16.3,29
12095,8860.0,24.7,2188,953.0,0.0,0
12106,1560.0,47.0,733,108.0,8.3,9
12108,324.0,28.1,91,37.0,0.0,0
12110,13302.0,46.0,6119,2729.0,28.9,789
12115,62.0,67.7,42,0.0,,
12116,1141.0,27.9,318,140.0,0.7,1
12117,2201.0,16.9,372,151.0,0.0,0
12118,12385.0,33.2,4112,1477.0,20.2,298
12120,432.0,34.7,150,45.0,15.6,7
12121,1694.0,22.1,374,179.0,23.5,42
12122,2778.0,19.5,542,253.0,23.7,60
12123,3489.0,39.3,1371,316.0,6.3,20
12124,168.0,8.9,15,0.0,,
12125,837.0,39.8,333,131.0,29.0,38
12130,201.0,48.8,98,0.0,,
12131,135.0,25.2,34,20.0,0.0,0
12132,107.0,100.0,107,0.0,,
12134,3157.0,25.8,815,182.0,13.2,24
12136,735.0,58.4,429,28.0,0.0,0
12137,1435.0,29.1,418,323.0,2.2,7
12138,2016.0,21.9,442,295.0,13.2,39
12139,208.0,37.0,77,3.0,0.0,0
12140,1163.0,44.9,522,125.0,34.4,43
12143,3834.0,27.1,1039,838.0,13.5,113
12144,16269.0,38.3,6231,1266.0,24.4,309
12147,441.0,52.2,230,7.0,0.0,0
12148,3202.0,57.7,1848,225.0,36.0,81
12149,1566.0,23.4,366,106.0,1.9,2
12150,426.0,10.8,46,118.0,27.1,32
12151,740.0,54.6,404,32.0,0.0,0
12153,600.0,16.2,97,0.0,,
12154,2285.0,28.4,649,202.0,7.9,16
12155,1276.0,20.5,262,221.0,11.8,26
12156,541.0,26.6,144,111.0,45.0,50
12157,3258.0,29.2,951,273.0,23.1,63
12158,4850.0,41.1,1993,210.0,0.0,0
12159,6795.0,65.3,4437,579.0,23.3,135
12160,575.0,12.5,72,34.0,0.0,0
12161,32.0,62.5,20,0.0,,
12164,444.0,31.1,138,47.0,4.3,2
12165,165.0,69.1,114,24.0,66.7,16
12166,1018.0,26.7,272,98.0,0.0,0
12167,1810.0,21.5,389,149.0,0.0,0
12168,1328.0,32.9,437,98.0,15.3,15
12169,287.0,16.7,48,0.0,,
12170,3698.0,24.0,888,466.0,20.6,96
12172,81.0,4.9,4,52.0,0.0,0
12173,1283.0,27.0,346,114.0,0.0,0
12174,477.0,8.0,38,35.0,0.0,0
12175,516.0,25.2,130,32.0,0.0,0
12176,216.0,10.6,23,69.0,0.0,0
12177,248.0,42.3,105,15.0,0.0,0
12180,35726.0,40.1,14326,9568.0,14.3,1368
12182,10084.0,28.7,2894,844.0,21.3,180
12183,2190.0,26.7,585,305.0,32.8,100
12184,5711.0,37.8,2159,397.0,20.4,81
12185,1213.0,32.6,395,206.0,4.4,9
12186,4644.0,52.2,2424,727.0,38.9,283
12187,482.0,16.6,80,191.0,53.4,102
12188,8723.0,32.1,2800,569.0,9.1,52
12189,12739.0,26.8,3414,1892.0,17.0,322
12190,527.0,16.3,86,29.0,10.3,3
12192,916.0,16.5,151,74.0,0.0,0
12193,1518.0,32.1,487,43.0,0.0,0
12194,140.0,21.4,30,12.0,0.0,0
12195,155.0,24.5,38,0.0,,
12196,2469.0,42.7,1054,214.0,16.4,35
12197,1578.0,27.8,439,253.0,0.0,0
12198,5431.0,42.3,2297,311.0,16.1,50
12202,6656.0,32.6,2170,928.0,13.7,127
12203,19538.0,54.3,10609,7057.0,31.0,2188
12204,5781.0,39.2,2266,837.0,26.2,219
12205,19077.0,35.8,6830,1715.0,15.0,257
12206,9310.0,26.1,2430,2310.0,24.2,559
12207,1562.0,36.2,565,290.0,23.4,68
12208,15168.0,55.6,8433,5656.0,49.1,2777
12209,7194.0,45.7,3288,1048.0,32.1,336
12210,7764.0,43.6,3385,830.0,47.8,397
12211,8210.0,58.7,4819,2886.0,2.9,84
12222,55.0,58.2,32,6247.0,2.0,125
12226,0.0,,,0.0,,
12302,19569.0,41.7,8160,1970.0,18.1,357
12303,20127.0,34.8,7004,2928.0,19.8,580
12304,15798.0,24.8,3918,1548.0,5.4,84
12305,5292.0,33.7,1783,2025.0,9.9,200
12306,19412.0,28.5,5532,2211.0,18.0,398
12307,4553.0,13.7,624,1263.0,2.5,32
12308,9055.0,29.5,2671,2693.0,10.4,280
12309,22800.0,59.0,13452,2024.0,21.3,431
12401,25668.0,31.9,8188,2465.0,30.3,747
12404,2899.0,48.3,1400,131.0,13.7,18
12405,363.0,32.2,117,46.0,13.0,6
12406,536.0,17.9,96,0.0,,
12407,159.0,19.5,31,0.0,,
12409,794.0,67.3,534,0.0,,
12410,360.0,40.8,147,0.0,,
12411,267.0,49.8,133,0.0,,
12412,501.0,52.3,262,25.0,0.0,0
12413,2436.0,19.8,482,249.0,28.1,70
12414,7536.0,30.1,2268,848.0,9.9,84
12416,129.0,20.9,27,0.0,,
12417,858.0,10.4,89,20.0,0.0,0
12418,269.0,42.0,113,6.0,100.0,6
12419,727.0,50.5,367,128.0,0.0,0
12420,282.0,30.5,86,50.0,100.0,50
12421,223.0,35.0,78,0.0,,
12422,390.0,21.0,82,34.0,0.0,0
12423,704.0,28.8,203,110.0,0.0,0
12424,230.0,20.0,46,0.0,,
12427,657.0,37.4,246,20.0,0.0,0
12428,4952.0,25.5,1263,634.0,7.3,46
12429,119.0,0.0,0,49.0,0.0,0
12430,919.0,33.0,303,40.0,0.0,0
12431,1290.0,29.5,381,144.0,22.9,33
12432,472.0,14.0,66,59.0,16.9,10
12433,321.0,40.8,131,31.0,0.0,0
12434,650.0,15.2,99,101.0,49.5,50
12435,148.0,16.2,24,0.0,,
12436,433.0,31.4,136,0.0,,
12438,60.0,48.3,29,0.0,,
12439,345.0,24.3,84,11.0,0.0,0
12440,1317.0,58.3,768,16.0,0.0,0
12441,58.0,79.3,46,0.0,,
12442,347.0,36.9,128,19.0,0.0,0
12443,2839.0,48.1,1366,206.0,21.8,45
12444,410.0,42.9,176,96.0,0.0,0
12446,3613.0,36.1,1304,607.0,14.5,88
12448,146.0,51.4,75,0.0,,
12449,2333.0,28.3,660,191.0,20.9,40
12450,154.0,26.0,40,17.0,0.0,0
12451,689.0,11.2,77,63.0,34.9,22
12452,33.0,57.6,19,0.0,,
12453,212.0,34.4,73,0.0,,
12454,230.0,63.9,147,0.0,,
12455,1475.0,26.5,391,79.0,0.0,0
12456,454.0,17.8,81,74.0,0.0,0
12457,759.0,45.7,347,177.0,0.0,0
12458,2896.0,9.4,272,114.0,14.9,17
12459,65.0,32.3,21,8.0,0.0,0
12460,161.0,47.8,77,0.0,,
12461,1093.0,50.0,546,136.0,0.0,0
12463,1303.0,26.8,349,42.0,21.4,9
12464,925.0,46.4,429,75.0,0.0,0
12465,307.0,59.6,183,0.0,,
12466,1458.0,34.2,499,112.0,0.0,0
12468,1193.0,24.5,292,50.0,0.0,0
12469,775.0,34.2,265,0.0,,
12470,496.0,48.0,238,36.0,19.4,7
12471,274.0,19.0,52,0.0,,
12472,1003.0,45.7,458,8.0,0.0,0
12473,600.0,39.8,239,7.0,0.0,0
12474,823.0,32.4,267,10.0,0.0,0
12475,453.0,8.8,40,0.0,,
12477,13885.0,34.2,4749,1286.0,8.2,105
12480,420.0,49.5,208,2.0,0.0,0
12481,1235.0,27.1,335,53.0,0.0,0
12482,466.0,5.2,24,124.0,0.0,0
12483,45.0,42.2,19,0.0,,
12484,2453.0,62.9,1543,191.0,10.5,20
12485,712.0,18.3,130,55.0,0.0,0
12486,1417.0,26.0,368,17.0,0.0,0
12487,3090.0,34.5,1066,123.0,4.9,6
12489,114.0,17.5,20,0.0,,
12490,0.0,,,0.0,,
12491,1343.0,51.4,690,198.0,0.0,0
12492,183.0,56.8,104,6.0,0.0,0
12493,318.0,88.1,280,6.0,0.0,0
12494,534.0,75.8,405,143.0,0.0,0
12495,229.0,80.3,184,0.0,,
12496,1011.0,46.0,465,66.0,27.3,18
12498,3821.0,62.2,2377,209.0,4.8,10
12501,1679.0,38.1,640,231.0,0.0,0
12502,799.0,41.7,333,20.0,15.0,3
12503,506.0,47.2,239,118.0,22.9,27
12504,14.0,0.0,0,1030.0,0.3,3
12507,147.0,63.9,94,74.0,0.0,0
12508,15004.0,41.5,6227,983.0,22.1,217
12512,194.0,72.2,140,27.0,0.0,0
12513,198.0,55.1,109,0.0,,
12514,2497.0,52.3,1306,152.0,7.2,11
12515,1225.0,29.9,366,56.0,21.4,12
12516,1543.0,33.6,518,77.0,19.5,15
12517,229.0,21.0,48,0.0,,
12518,4112.0,53.6,2204,476.0,25.4,121
12520,2161.0,57.5,1243,334.0,22.2,74
12521,1482.0,38.5,571,34.0,20.6,7
12522,3796.0,25.7,976,374.0,9.4,35
12523,1758.0,28.6,503,20.0,0.0,0
12524,11604.0,36.2,4201,711.0,45.7,325
12525,1162.0,32.9,382,120.0,0.0,0
12526,2764.0,43.0,1189,234.0,21.4,50
12527,42.0,100.0,42,0.0,,
12528,10292.0,41.6,4281,932.0,16.3,152
12529,1935.0,49.1,950,81.0,45.7,37
12530,218.0,0.0,0,0.0,,
12531,1687.0,47.1,795,186.0,2.2,4
12533,17888.0,45.8,8193,2193.0,21.6,474
12534,13619.0,33.4,4549,1221.0,13.4,164
12538,9410.0,30.5,2870,2505.0,5.6,140
12540,6145.0,42.7,2624,834.0,23.6,197
12542,4177.0,42.5,1775,297.0,18.2,54
12543,2432.0,21.3,518,208.0,27.9,58
12544,54.0,0.0,0,0.0,,
12545,3551.0,41.2,1463,285.0,31.6,90
12546,2034.0,35.3,718,257.0,19.5,50
12547,2180.0,32.5,708,94.0,27.7,26
12548,785.0,44.8,352,73.0,0.0,0
12549,7075.0,34.7,2455,1172.0,13.5,158
12550,37078.0,26.0,9640,5841.0,11.2,654
12553,19055.0,35.0,6669,2406.0,21.0,505
12561,10687.0,56.1,5995,5297.0,8.8,466
12563,5638.0,28.5,1607,677.0,15.4,104
12564,5652.0,39.7,2244,486.0,27.6,134
12565,1088.0,26.5,288,138.0,15.2,21
12566,8552.0,27.8,2377,1069.0,12.5,134
12567,1969.0,42.2,831,183.0,0.0,0
12569,7012.0,39.3,2756,907.0,36.5,331
12570,4369.0,47.6,2080,569.0,24.3,138
12571,7351.0,52.5,3859,782.0,22.4,175
12572,7478.0,51.0,3814,350.0,16.3,57
12574,422.0,63.5,268,0.0,,
12575,1237.0,25.8,319,141.0,61.7,87
12577,1348.0,45.8,617,96.0,0.0,0
12578,1814.0,34.0,617,85.0,18.8,16
12580,3187.0,42.5,1354,239.0,18.0,43
12581,1588.0,39.1,621,52.0,0.0,0
12582,4854.0,28.4,1379,311.0,14.5,45
12583,1272.0,47.7,607,324.0,14.5,47
12585,837.0,40.6,340,299.0,16.4,49
12586,8317.0,27.1,2254,1069.0,16.3,174
12589,14660.0,22.9,3357,1598.0,7.2,115
12590,26739.0,36.1,9653,2978.0,15.0,447
12592,904.0,28.4,257,58.0,0.0,0
12594,2692.0,32.1,864,354.0,34.7,123
12601,29353.0,30.0,8806,7035.0,8.8,619
12603,30025.0,46.9,14082,3661.0,14.8,542
12604,54.0,0.0,0,2044.0,0.6,12
12701,8364.0,23.0,1924,1420.0,16.4,233
12719,745.0,33.7,251,67.0,0.0,0
12720,266.0,52.6,140,30.0,100.0,30
12721,4661.0,25.0,1165,753.0,9.4,71
12722,0.0,,,0.0,,
12723,1463.0,41.3,604,93.0,4.3,4
12724,77.0,27.3,21,0.0,,
12725,201.0,46.3,93,42.0,4.8,2
12726,968.0,32.5,315,14.0,28.6,4
12729,981.0,26.7,262,39.0,0.0,0
12732,748.0,29.0,217,6.0,0.0,0
12733,1307.0,10.9,142,254.0,0.0,0
12734,410.0,30.5,125,9.0,55.6,5
12736,140.0,29.3,41,0.0,,
12737,1222.0,38.2,467,151.0,0.7,1
12738,306.0,18.3,56,12.0,0.0,0
12740,1343.0,36.6,492,65.0,0.0,0
12741,238.0,29.4,70,0.0,,
12742,93.0,37.6,35,14.0,0.0,0
12743,294.0,20.1,59,0.0,,
12745,6.0,0.0,0,0.0,,
12746,520.0,18.5,96,29.0,0.0,0
12747,1590.0,32.4,515,125.0,13.6,17
12748,1338.0,35.8,479,89.0,0.0,0
12749,362.0,19.3,70,0.0,,
12750,26.0,92.3,24,2.0,100.0,2
12751,627.0,30.0,188,176.0,0.0,0
12752,281.0,33.5,94,2.0,0.0,0
12754,5253.0,22.7,1192,627.0,3.0,19
12758,3104.0,24.5,760,198.0,5.6,11
12759,589.0,35.3,208,584.0,1.9,11
12760,299.0,19.7,59,12.0,0.0,0
12762,311.0,25.4,79,83.0,0.0,0
12763,549.0,63.6,349,39.0,5.1,2
12764,1457.0,42.2,615,129.0,16.3,21
12765,563.0,53.3,300,20.0,100.0,20
12766,430.0,55.8,240,3.0,100.0,3
12767,135.0,29.6,40,10.0,0.0,0
12768,610.0,25.4,155,114.0,8.8,10
12769,344.0,14.8,51,0.0,,
12770,175.0,57.1,100,8.0,12.5,1
12771,9853.0,21.1,2079,1488.0,5.6,83
12775,2047.0,50.2,1028,149.0,22.8,34
12776,1576.0,34.5,544,108.0,11.1,12
12777,658.0,50.0,329,41.0,7.3,3
12778,340.0,29.1,99,0.0,,
12779,1418.0,15.7,223,132.0,0.0,0
12780,1735.0,27.0,468,201.0,0.0,0
12781,128.0,38.3,49,5.0,0.0,0
12783,1110.0,24.0,266,108.0,23.1,25
12784,0.0,,,0.0,,
12785,626.0,6.4,40,0.0,,
12786,464.0,41.8,194,9.0,0.0,0
12787,122.0,12.3,15,0.0,,
12788,2378.0,16.3,388,179.0,2.8,5
12789,1648.0,40.7,671,392.0,28.6,112
12790,3355.0,31.5,1057,150.0,1.3,2
12791,311.0,16.4,51,31.0,0.0,0
12792,150.0,43.3,65,21.0,0.0,0
12801,10540.0,33.2,3499,1282.0,17.2,221
12803,5984.0,29.0,1735,1091.0,20.5,224
12804,21128.0,39.3,8303,1885.0,26.5,500
12808,265.0,34.7,92,0.0,,
12809,2732.0,20.8,568,184.0,0.0,0
12810,381.0,17.3,66,15.0,0.0,0
12811,129.0,10.9,14,0.0,,
12812,261.0,26.1,68,4.0,0.0,0
12814,1044.0,33.1,346,24.0,16.7,4
12815,784.0,22.7,178,91.0,0.0,0
12816,3420.0,32.1,1098,358.0,45.0,161
12817,1664.0,43.3,721,200.0,14.5,29
12819,222.0,9.5,21,16.0,0.0,0
12820,14.0,50.0,7,0.0,,
12821,1910.0,2.7,52,256.0,0.0,0
12822,4207.0,15.5,652,549.0,11.1,61
12823,488.0,74.2,362,20.0,0.0,0
12824,828.0,47.6,394,36.0,27.8,10
12827,2725.0,17.5,477,323.0,8.7,28
12828,7141.0,18.8,1343,818.0,14.8,121
12831,12547.0,43.6,5470,1264.0,6.6,83
12832,4970.0,18.6,924,336.0,4.2,14
12833,3882.0,40.8,1584,484.0,33.7,163
12834,4720.0,29.3,1383,378.0,14.3,54
12835,2290.0,25.9,593,98.0,14.3,14
12836,422.0,33.2,140,15.0,86.7,13
12837,676.0,15.8,107,70.0,0.0,0
12838,543.0,17.5,95,23.0,0.0,0
12839,10114.0,15.6,1578,896.0,3.3,30
12841,87.0,65.5,57,0.0,,
12842,801.0,25.6,205,17.0,11.8,2
12843,485.0,16.7,81,46.0,0.0,0
12844,180.0,63.9,115,23.0,4.3,1
12845,3446.0,37.1,1278,324.0,17.6,57
12846,2405.0,25.8,620,119.0,7.6,9
12847,532.0,36.8,196,56.0,10.7,6
12849,253.0,19.8,50,25.0,0.0,0
12850,1840.0,33.6,618,140.0,14.3,20
12851,247.0,21.5,53,7.0,14.3,1
12852,280.0,35.4,99,62.0,12.9,8
12853,1028.0,22.1,227,74.0,62.2,46
12854,53.0,0.0,0,0.0,,
12855,169.0,20.1,34,7.0,0.0,0
12856,263.0,72.6,191,0.0,,
12857,566.0,30.7,174,5.0,40.0,2
12858,155.0,47.1,73,7.0,0.0,0
12859,1248.0,22.0,275,80.0,31.3,25
12860,269.0,26.8,72,26.0,0.0,0
12861,358.0,28.8,103,42.0,7.1,3
12862,118.0,78.8,93,0.0,,
12863,542.0,14.2,77,83.0,73.5,61
12864,9.0,100.0,9,0.0,,
12865,2561.0,27.9,715,298.0,35.6,106
12866,29509.0,55.0,16230,4305.0,19.0,818
12870,1354.0,38.7,524,89.0,20.2,18
12871,2985.0,33.8,1009,310.0,13.5,42
12872,0.0,,,0.0,,
12873,666.0,35.4,236,0.0,,
12874,115.0,77.4,89,29.0,0.0,0
12878,502.0,10.4,52,67.0,0.0,0
12883,3729.0,28.6,1066,239.0,6.3,15
12884,371.0,11.9,44,43.0,0.0,0
12885,3375.0,16.6,560,295.0,3.4,10
12886,186.0,54.8,102,0.0,,
12887,3061.0,15.6,478,404.0,0.0,0
12901,20445.0,33.0,6747,6546.0,10.4,681
12903,1231.0,45.6,561,207.0,8.7,18
12910,1458.0,5.3,77,207.0,0.0,0
12911,44.0,47.7,21,0.0,,
12912,1455.0,30.4,442,128.0,10.9,14
12913,739.0,29.8,220,113.0,0.0,0
12914,629.0,9.5,60,66.0,3.0,2
12915,60.0,0.0,0,1.0,0.0,0
12916,1473.0,17.9,264,240.0,0.0,0
12917,774.0,12.3,95,87.0,5.7,5
12918,2065.0,39.7,820,143.0,0.0,0
12919,1857.0,24.3,451,288.0,0.0,0
12920,1749.0,21.0,367,132.0,0.0,0
12921,1943.0,30.6,595,112.0,0.0,0
12922,27.0,25.9,7,4.0,0.0,0
12923,327.0,7.3,24,57.0,8.8,5
12924,156.0,0.0,0,30.0,0.0,0
12926,1745.0,12.1,211,100.0,4.0,4
12927,278.0,27.3,76,2.0,0.0,0
12928,1408.0,13.6,191,155.0,2.6,4
12929,2594.0,8.1,210,100.0,0.0,0
12930,592.0,11.5,68,65.0,6.2,4
12932,1010.0,33.6,339,29.0,24.1,7
12933,7.0,0.0,0,0.0,,
12934,803.0,17.2,138,70.0,20.0,14
12935,898.0,15.7,141,59.0,22.0,13
12936,551.0,41.6,229,37.0,16.2,6
12937,914.0,14.1,129,91.0,6.6,6
12939,127.0,22.8,29,13.0,0.0,0
12941,1214.0,31.9,387,22.0,50.0,11
12942,425.0,54.4,231,0.0,,
12943,240.0,37.5,90,38.0,36.8,14
12944,2773.0,25.6,710,314.0,11.1,35
12945,360.0,45.3,163,13.0,0.0,0
12946,3657.0,45.7,1671,302.0,15.9,48
12950,553.0,17.5,97,41.0,0.0,0
12952,159.0,7.5,12,0.0,,
12953,9790.0,22.9,2242,959.0,3.3,32
12955,361.0,23.3,84,52.0,0.0,0
12956,1128.0,18.4,208,161.0,0.0,0
12957,1262.0,13.5,170,74.0,0.0,0
12958,1213.0,18.7,227,122.0,0.0,0
12959,1285.0,15.2,195,238.0,0.0,0
12960,810.0,44.4,360,0.0,,
12961,92.0,70.7,65,0.0,,
12962,3763.0,24.2,911,120.0,10.0,12
12964,41.0,48.8,20,0.0,,
12965,207.0,18.8,39,41.0,2.4,1
12966,1827.0,19.4,354,215.0,18.1,39
12967,832.0,18.9,157,156.0,7.1,11
12969,223.0,28.7,64,0.0,,
12970,323.0,54.2,175,595.0,3.4,20
12972,5053.0,33.2,1678,458.0,52.4,240
12973,103.0,9.7,10,6.0,0.0,0
12974,1357.0,20.3,275,52.0,0.0,0
12975,102.0,30.4,31,0.0,,
12976,171.0,71.3,122,15.0,86.7,13
12977,1078.0,1.5,16,83.0,0.0,0
12978,216.0,0.0,0,0.0,,
12979,1793.0,20.4,366,194.0,12.4,24
12980,897.0,13.7,123,49.0,24.5,12
12981,1526.0,20.6,314,76.0,0.0,0
12983,5461.0,42.6,2326,730.0,10.5,77
12985,624.0,16.5,103,50.0,0.0,0
12986,4002.0,22.6,904,316.0,7.9,25
12987,153.0,45.8,70,16.0,0.0,0
12989,749.0,24.2,181,93.0,0.0,0
12992,3069.0,18.9,580,389.0,3.9,15
12993,1286.0,32.9,423,146.0,0.0,0
12996,1589.0,26.0,413,73.0,63.0,46
12997,971.0,30.9,300,100.0,7.0,7
12998,230.0,16.5,38,0.0,,
13020,63.0,9.5,6,0.0,,
13021,27325.0,26.6,7268,2685.0,15.5,416
13024,1146.0,0.0,0,63.0,0.0,0
13026,975.0,38.1,371,461.0,2.2,10
13027,24906.0,44.6,11108,2119.0,21.9,464
13028,628.0,21.8,137,59.0,0.0,0
13029,5364.0,35.9,1926,387.0,48.3,187
13030,2644.0,22.9,605,138.0,10.1,14
13031,12096.0,45.0,5443,766.0,48.2,369
13032,9626.0,20.4,1964,940.0,14.7,138
13033,2367.0,18.5,438,402.0,0.0,0
13034,1497.0,24.6,368,170.0,7.1,12
13035,5466.0,53.1,2902,1359.0,7.7,105
13036,6566.0,22.0,1445,693.0,24.5,170
13037,6721.0,33.6,2258,576.0,21.7,125
13039,12159.0,38.3,4657,1251.0,18.7,234
13040,1863.0,18.1,337,188.0,11.2,21
13041,8633.0,36.3,3134,549.0,22.8,125
13042,1414.0,30.8,436,77.0,37.7,29
13044,2090.0,13.0,272,265.0,2.6,7
13045,16781.0,29.7,4984,6778.0,8.5,576
13051,52.0,11.5,6,0.0,,
13052,1309.0,22.2,291,114.0,3.5,4
13053,3180.0,43.8,1393,784.0,6.1,48
13054,918.0,25.9,238,35.0,8.6,3
13057,11033.0,31.1,3431,870.0,29.3,255
13060,2079.0,20.1,418,162.0,18.5,30
13061,534.0,35.8,191,43.0,0.0,0
13062,222.0,24.3,54,0.0,,
13063,1255.0,28.7,360,103.0,23.3,24
13065,110.0,0.0,0,0.0,,
13066,9312.0,64.7,6025,612.0,20.9,128
13068,3261.0,40.2,1311,462.0,0.6,3
13069,16405.0,18.9,3101,1677.0,8.2,138
13071,549.0,26.0,143,49.0,10.2,5
13072,641.0,16.2,104,34.0,14.7,5
13073,4506.0,29.4,1325,278.0,14.4,40
13074,3099.0,10.8,335,449.0,8.2,37
13076,1777.0,17.2,306,228.0,7.5,17
13077,4749.0,38.3,1819,575.0,19.3,111
13078,7574.0,49.9,3779,557.0,39.7,221
13080,2470.0,26.5,655,238.0,31.1,74
13081,868.0,42.9,372,37.0,16.2,6
13082,3071.0,27.6,848,239.0,7.1,17
13083,1340.0,21.6,289,126.0,0.0,0
13084,2772.0,38.8,1076,249.0,18.9,47
13087,173.0,40.5,70,68.0,0.0,0
13088,16418.0,34.8,5713,1724.0,39.9,688
13090,20196.0,42.4,8563,2646.0,25.3,669
13092,1717.0,18.8,323,192.0,1.0,2
13101,1474.0,15.6,230,154.0,3.2,5
13102,67.0,25.4,17,0.0,,
13103,177.0,6.2,11,29.0,0.0,0
13104,11623.0,62.1,7218,1010.0,25.7,260
13108,4708.0,47.0,2213,271.0,24.7,67
13110,1803.0,44.3,799,125.0,6.4,8
13111,1069.0,20.8,222,171.0,5.3,9
13112,1256.0,22.3,280,128.0,10.2,13
13113,36.0,5.6,2,4.0,0.0,0
13114,5222.0,18.1,945,503.0,27.0,136
13115,167.0,29.3,49,5.0,0.0,0
13116,2715.0,35.2,956,218.0,9.2,20
13117,155.0,7.7,12,0.0,,
13118,4156.0,17.8,740,352.0,11.1,39
13119,0.0,,,0.0,,
13120,1489.0,14.6,217,62.0,11.3,7
13121,0.0,,,0.0,,
13122,1003.0,28.2,283,113.0,20.4,23
13123,35.0,0.0,0,0.0,,
13124,74.0,20.3,15,6.0,0.0,0
13126,22053.0,28.6,6307,7076.0,7.9,559
13131,2117.0,18.7,396,234.0,1.3,3
13132,2621.0,27.2,713,226.0,21.2,48
13134,127.0,8.7,11,0.0,,
13135,4361.0,29.3,1278,450.0,24.4,110
13136,265.0,12.5,33,5.0,0.0,0
13138,175.0,15.4,27,15.0,0.0,0
13140,3068.0,9.2,282,295.0,3.1,9
13141,452.0,28.3,128,33.0,0.0,0
13142,4667.0,23.1,1078,580.0,7.8,45
13143,1612.0,20.2,326,99.0,11.1,11
13144,802.0,9.9,79,37.0,0.0,0
13145,1360.0,21.9,298,83.0,0.0,0
13146,1426.0,10.4,148,124.0,0.0,0
13147,739.0,14.1,104,105.0,1.9,2
13148,8053.0,25.9,2086,813.0,20.7,168
13152,5835.0,55.1,3215,316.0,11.4,36
13153,283.0,56.5,160,0.0,,
13154,24.0,0.0,0,14.0,0.0,0
13155,493.0,19.3,95,39.0,23.1,9
13156,1762.0,27.2,479,150.0,15.3,23
13157,472.0,25.2,119,27.0,0.0,0
13158,999.0,26.5,265,184.0,14.1,26
13159,3761.0,42.3,1591,358.0,29.9,107
13160,1551.0,37.2,577,173.0,6.9,12
13162,147.0,40.8,60,3.0,0.0,0
13163,255.0,19.6,50,39.0,7.7,3
13164,1570.0,43.9,689,133.0,50.4,67
13165,6931.0,20.6,1428,619.0,3.2,20
13166,4377.0,24.4,1068,295.0,9.5,28
13167,2211.0,18.3,405,228.0,15.8,36
13202,4448.0,36.4,1619,918.0,39.0,358
13203,12073.0,27.7,3344,1542.0,25.3,390
13204,12581.0,26.1,3284,1850.0,25.0,462
13205,12224.0,21.2,2591,1489.0,9.1,135
13206,12261.0,26.8,3286,1033.0,22.3,230
13207,8686.0,32.7,2840,744.0,7.8,58
13208,14462.0,18.7,2704,1405.0,8.8,124
13209,9696.0,29.2,2831,795.0,15.5,123
13210,10491.0,50.3,5277,6987.0,18.1,1265
13211,4297.0,15.4,662,608.0,14.5,88
13212,15391.0,27.7,4263,1179.0,30.1,355
13214,5219.0,52.4,2735,1787.0,6.7,120
13215,10239.0,49.2,5038,1554.0,32.4,503
13219,11068.0,43.2,4781,1166.0,15.1,176
13224,6149.0,56.5,3474,649.0,23.4,152
13244,14.0,100.0,14,8633.0,1.1,95
13290,0.0,,,0.0,,
13301,87.0,49.4,43,10.0,0.0,0
13302,1047.0,11.4,119,72.0,19.4,14
13303,1111.0,23.9,266,92.0,15.2,14
13304,1225.0,48.0,588,123.0,17.1,21
13305,331.0,3.9,13,53.0,0.0,0
13308,3142.0,23.4,735,253.0,1.6,4
13309,4243.0,19.5,827,391.0,8.4,33
13310,479.0,13.8,66,111.0,0.0,0
13312,260.0,36.9,96,7.0,0.0,0
13313,430.0,2.6,11,32.0,0.0,0
13314,79.0,15.2,12,11.0,0.0,0
13315,877.0,19.2,168,125.0,9.6,12
13316,4368.0,20.9,913,377.0,12.5,47
13317,2280.0,18.5,422,331.0,8.2,27
13318,679.0,14.9,101,92.0,22.8,21
13319,434.0,29.5,128,0.0,,
13320,1323.0,36.3,480,345.0,9.9,34
13321,634.0,21.9,139,13.0,0.0,0
13322,754.0,28.4,214,44.0,2.3,1
13323,7425.0,48.6,3609,2354.0,4.8,113
13324,1379.0,18.3,252,89.0,0.0,0
13325,661.0,15.3,101,37.0,0.0,0
13326,3513.0,48.5,1704,547.0,23.4,128
13327,1313.0,22.3,293,95.0,30.5,29
13328,972.0,26.3,256,77.0,11.7,9
13329,2342.0,14.5,340,318.0,0.0,0
13331,175.0,50.3,88,0.0,,
13332,1722.0,29.3,505,120.0,9.2,11
13333,38.0,28.9,11,0.0,,
13334,678.0,12.5,85,50.0,64.0,32
13335,917.0,12.6,116,141.0,10.6,15
13337,535.0,45.2,242,62.0,77.4,48
13338,942.0,26.4,249,97.0,3.1,3
13339,4056.0,20.2,819,577.0,14.6,84
13340,5395.0,22.3,1203,505.0,13.5,68
13342,152.0,41.4,63,24.0,0.0,0
13343,1189.0,19.4,231,101.0,23.8,24
13345,114.0,17.5,20,21.0,0.0,0
13346,2858.0,46.2,1320,2824.0,2.0,56
13348,1014.0,35.4,359,290.0,4.1,12
13350,7054.0,20.3,1432,1165.0,15.9,185
13352,3.0,0.0,0,0.0,,
13353,45.0,11.1,5,2.0,100.0,2
13354,2236.0,28.8,644,213.0,12.2,26
13355,720.0,15.4,111,59.0,0.0,0
13357,7341.0,21.7,1593,447.0,10.1,45
13360,123.0,35.8,44,51.0,0.0,0
13361,442.0,33.9,150,105.0,9.5,10
13363,1632.0,23.7,387,108.0,41.7,45
13364,278.0,4.0,11,10.0,0.0,0
13365,5378.0,19.1,1027,939.0,9.4,88
13367,6105.0,25.4,1551,839.0,13.8,116
13368,717.0,18.1,130,86.0,2.3,2
13402,855.0,18.9,162,150.0,20.7,31
13403,4753.0,19.3,917,1023.0,5.7,58
13404,100.0,15.0,15,5.0,0.0,0
13406,297.0,19.2,57,23.0,0.0,0
13407,3707.0,22.6,838,366.0,18.3,67
13408,1493.0,19.6,293,1338.0,1.6,21
13409,1642.0,14.2,233,128.0,11.7,15
13410,484.0,12.6,61,32.0,0.0,0
13411,2107.0,16.7,352,214.0,14.5,31
13413,12153.0,48.7,5919,1358.0,38.4,521
13415,85.0,38.8,33,0.0,,
13416,1489.0,18.3,272,135.0,8.1,11
13417,2540.0,35.9,912,132.0,0.0,0
13418,138.0,26.8,37,47.0,0.0,0
13420,821.0,62.2,511,23.0,100.0,23
13421,9307.0,25.6,2383,966.0,9.8,95
13424,1764.0,29.3,517,120.0,9.2,11
13425,1272.0,20.5,261,130.0,0.0,0
13428,1165.0,25.3,295,56.0,16.1,9
13431,1353.0,23.1,313,97.0,5.2,5
13433,1091.0,11.0,120,114.0,0.0,0
13435,196.0,12.8,25,7.0,100.0,7
13436,75.0,38.7,29,20.0,0.0,0
13437,221.0,11.8,26,12.0,41.7,5
13438,2456.0,22.6,555,169.0,1.2,2
13439,2533.0,29.9,757,319.0,5.0,16
13440,29666.0,22.9,6794,2936.0,19.7,578
13441,123.0,74.8,92,0.0,,
13450,95.0,6.3,6,114.0,4.4,5
13452,3388.0,14.7,498,360.0,0.8,3
13454,612.0,13.2,81,54.0,0.0,0
13455,50.0,0.0,0,0.0,,
13456,2721.0,35.0,952,284.0,14.4,41
13457,35.0,8.6,3,0.0,,
13459,1287.0,23.4,301,262.0,10.7,28
13460,2901.0,14.8,429,295.0,10.5,31
13461,2204.0,40.6,895,177.0,19.8,35
13464,860.0,11.4,98,49.0,18.4,9
13468,204.0,12.7,26,43.0,0.0,0
13469,797.0,39.5,315,114.0,0.0,0
13470,545.0,16.3,89,72.0,0.0,0
13471,1864.0,11.6,216,84.0,22.6,19
13472,210.0,57.1,120,0.0,,
13473,744.0,13.6,101,45.0,31.1,14
13475,46.0,23.9,11,0.0,,
13476,2012.0,18.3,368,161.0,31.1,50
13477,948.0,13.5,128,223.0,6.3,14
13478,2415.0,19.0,459,365.0,14.2,52
13480,2383.0,21.9,522,147.0,8.8,13
13482,65.0,12.3,8,0.0,,
13483,257.0,18.3,47,61.0,0.0,0
13484,75.0,0.0,0,0.0,,
13485,1045.0,20.6,215,144.0,9.0,13
13486,485.0,29.1,141,56.0,0.0,0
13488,119.0,19.3,23,0.0,,
13489,333.0,22.8,76,66.0,4.5,3
13490,923.0,36.4,336,84.0,40.5,34
13491,2315.0,21.3,493,467.0,0.9,4
13492,7820.0,37.0,2893,962.0,7.5,72
13493,1468.0,13.1,192,190.0,9.5,18
13494,224.0,40.2,90,2.0,0.0,0
13495,1399.0,30.5,427,61.0,44.3,27
13501,25045.0,21.9,5485,4214.0,4.9,206
13502,22213.0,25.0,5553,3846.0,12.8,492
13601,25375.0,24.7,6268,3197.0,12.3,393
13602,445.0,10.3,46,2251.0,0.5,11
13603,6758.0,39.2,2649,2394.0,17.1,409
13605,3378.0,22.4,757,403.0,1.0,4
13606,1641.0,27.5,451,150.0,8.0,12
13607,1745.0,34.1,595,79.0,5.1,4
13608,1251.0,14.1,176,112.0,2.7,3
13611,210.0,11.4,24,0.0,,
13612,2091.0,24.4,510,163.0,6.7,11
13613,1944.0,15.9,309,255.0,10.2,26
13614,179.0,18.4,33,50.0,0.0,0
13615,417.0,24.0,100,0.0,,
13616,1272.0,11.0,140,191.0,0.0,0
13617,6969.0,36.3,2530,3711.0,1.1,41
13618,1263.0,30.1,380,75.0,37.3,28
13619,6679.0,19.1,1276,1369.0,2.2,30
13620,1330.0,19.8,263,122.0,1.6,2
13621,391.0,36.6,143,88.0,0.0,0
13622,1368.0,30.0,410,122.0,2.5,3
13623,72.0,0.0,0,0.0,,
13624,3535.0,31.4,1110,284.0,18.7,53
13625,1317.0,32.3,425,76.0,19.7,15
13626,1601.0,16.6,266,199.0,7.0,14
13628,98.0,31.6,31,24.0,12.5,3
13630,855.0,15.4,132,179.0,5.6,10
13632,52.0,26.9,14,0.0,,
13633,206.0,15.0,31,33.0,0.0,0
13634,2812.0,24.8,697,162.0,2.5,4
13635,799.0,11.5,92,96.0,0.0,0
13636,105.0,14.3,15,2.0,0.0,0
13637,2810.0,19.3,542,1135.0,7.3,83
13638,161.0,0.0,0,4.0,0.0,0
13639,23.0,0.0,0,0.0,,
13640,232.0,58.6,136,30.0,53.3,16
13641,69.0,42.0,29,0.0,,
13642,6430.0,19.5,1254,684.0,9.6,66
13643,10.0,0.0,0,0.0,,
13645,0.0,,,0.0,,
13646,1547.0,27.0,418,211.0,0.9,2
13647,79.0,35.4,28,59.0,23.7,14
13648,1584.0,16.0,253,169.0,5.3,9
13649,47.0,44.7,21,0.0,,
13650,996.0,27.2,271,81.0,7.4,6
13651,127.0,59.1,75,0.0,,
13652,1129.0,25.7,290,191.0,0.0,0
13654,1502.0,20.2,303,225.0,6.7,15
13655,2404.0,30.2,726,422.0,0.9,4
13656,1737.0,14.6,254,234.0,17.5,41
13658,1586.0,21.2,336,10.0,0.0,0
13659,253.0,25.7,65,30.0,0.0,0
13660,1343.0,22.0,295,88.0,5.7,5
13661,1325.0,21.1,280,117.0,6.8,8
13662,11765.0,23.6,2777,1152.0,6.2,71
13664,315.0,15.9,50,24.0,50.0,12
13665,468.0,9.6,45,41.0,9.8,4
13666,126.0,7.1,9,47.0,0.0,0
13667,2489.0,11.8,294,207.0,0.0,0
13668,2418.0,23.6,571,150.0,6.0,9
13669,10799.0,21.2,2289,1258.0,8.1,102
13670,302.0,4.3,13,24.0,4.2,1
13672,308.0,22.1,68,8.0,0.0,0
13673,1115.0,17.6,196,298.0,8.4,25
13674,95.0,89.5,85,0.0,,
13675,27.0,40.7,11,0.0,,
13676,7643.0,40.4,3088,3277.0,8.8,288
13678,19.0,0.0,0,0.0,,
13679,847.0,31.8,269,147.0,59.2,87
13680,793.0,23.2,184,138.0,0.0,0
13681,615.0,8.3,51,24.0,0.0,0
13682,538.0,16.4,88,104.0,0.0,0
13683,19.0,0.0,0,24.0,0.0,0
13684,772.0,15.0,116,44.0,15.9,7
13685,1697.0,42.4,720,199.0,60.3,120
13687,348.0,22.4,78,14.0,0.0,0
13690,489.0,26.8,131,12.0,33.3,4
13691,2164.0,15.2,329,257.0,7.8,20
13692,195.0,65.1,127,0.0,,
13693,298.0,38.6,115,0.0,,
13694,957.0,29.4,281,44.0,50.0,22
13695,109.0,55.0,60,52.0,0.0,0
13696,188.0,0.0,0,0.0,,
13697,1502.0,19.4,291,55.0,0.0,0
13699,12.0,0.0,0,2077.0,3.4,71
13730,2151.0,12.2,262,165.0,0.0,0
13731,966.0,32.4,313,10.0,0.0,0
13732,5267.0,34.8,1833,670.0,15.7,105
13733,3840.0,20.5,787,441.0,11.8,52
13734,1549.0,11.0,170,301.0,4.7,14
13736,1388.0,20.2,280,100.0,15.0,15
13738,8.0,0.0,0,0.0,,
13739,675.0,29.2,197,56.0,14.3,8
13740,445.0,47.6,212,34.0,0.0,0
13743,2074.0,18.4,382,280.0,6.4,18
13744,835.0,15.3,128,123.0,0.0,0
13746,1859.0,14.5,270,195.0,11.8,23
13747,0.0,,,0.0,,
13748,2648.0,11.7,310,461.0,5.6,26
13750,409.0,44.3,181,46.0,0.0,0
13751,186.0,37.1,69,6.0,100.0,6
13752,549.0,34.6,190,204.0,0.0,0
13753,3181.0,40.2,1279,1663.0,0.2,3
13754,2093.0,14.4,301,121.0,10.7,13
13755,583.0,17.7,103,40.0,0.0,0
13756,503.0,26.4,133,58.0,0.0,0
13757,985.0,27.1,267,19.0,47.4,9
13760,30796.0,33.7,10378,3763.0,16.8,632
13774,180.0,6.7,12,27.0,0.0,0
13775,1492.0,23.1,345,74.0,0.0,0
13776,287.0,39.0,112,43.0,4.7,2
13777,304.0,27.3,83,15.0,0.0,0
13778,3672.0,25.1,922,361.0,6.9,25
13780,598.0,21.9,131,22.0,0.0,0
13782,628.0,25.2,158,54.0,0.0,0
13783,1793.0,19.4,348,130.0,36.2,47
13784,230.0,3.5,8,42.0,0.0,0
13786,315.0,23.2,73,15.0,0.0,0
13787,2282.0,9.9,226,195.0,0.0,0
13788,790.0,41.9,331,47.0,0.0,0
13790,13204.0,29.4,3882,2123.0,20.4,433
13795,2402.0,12.6,303,162.0,0.0,0
13796,735.0,30.6,225,22.0,77.3,17
13797,1437.0,16.4,236,125.0,18.4,23
13801,1128.0,14.6,165,174.0,3.4,6
13802,849.0,25.7,218,19.0,0.0,0
13803,2650.0,13.9,368,299.0,13.7,41
13804,178.0,7.3,13,38.0,0.0,0
13806,111.0,29.7,33,2.0,0.0,0
13807,934.0,35.0,327,161.0,31.7,51
13808,953.0,37.1,354,209.0,7.7,16
13809,1099.0,15.3,168,220.0,0.0,0
13810,923.0,36.4,336,109.0,5.5,6
13811,3002.0,28.3,850,250.0,10.4,26
13812,1646.0,17.8,293,124.0,10.5,13
13813,590.0,23.7,140,15.0,0.0,0
13814,16.0,18.8,3,0.0,,
13815,9316.0,24.2,2254,947.0,14.6,138
13820,13349.0,39.7,5300,6943.0,2.7,187
13825,2109.0,28.6,603,234.0,10.7,25
13826,68.0,0.0,0,0.0,,
13827,8087.0,28.6,2313,901.0,13.7,123
13830,3624.0,15.2,551,282.0,1.1,3
13832,341.0,5.6,19,63.0,0.0,0
13833,2571.0,16.1,414,262.0,0.0,0
13834,99.0,0.0,0,0.0,,
13835,900.0,25.4,229,50.0,8.0,4
13838,2612.0,25.0,653,567.0,14.8,84
13839,958.0,13.8,132,47.0,0.0,0
13841,272.0,20.2,55,40.0,0.0,0
13842,477.0,24.9,119,66.0,10.6,7
13843,1336.0,21.9,293,192.0,22.4,43
13844,370.0,6.5,24,23.0,13.0,3
13846,225.0,28.4,64,0.0,,
13847,15.0,0.0,0,0.0,,
13849,3346.0,23.2,776,478.0,11.9,57
13850,15795.0,45.1,7124,2845.0,20.5,583
13856,4626.0,25.1,1161,250.0,0.0,0
13859,90.0,25.6,23,0.0,,
13860,199.0,51.3,102,0.0,,
13861,399.0,49.6,198,0.0,,
13862,2442.0,21.3,520,393.0,39.7,156
13863,303.0,14.9,45,33.0,21.2,7
13864,1055.0,19.3,204,165.0,0.0,0
13865,4200.0,23.5,987,440.0,22.7,100
13901,13593.0,26.5,3602,2033.0,16.5,335
13902,38.0,0.0,0,6762.0,0.1,7
13903,12513.0,35.9,4492,1614.0,23.4,378
13904,6277.0,19.2,1205,682.0,6.0,41
13905,17372.0,36.7,6376,6619.0,20.7,1370
14001,6804.0,25.9,1762,437.0,6.2,27
14004,8662.0,21.7,1880,564.0,9.4,53
14005,1249.0,26.7,333,178.0,11.8,21
14006,6925.0,25.1,1738,511.0,14.1,72
14008,1078.0,22.2,239,75.0,69.3,52
14009,4221.0,20.5,865,579.0,14.7,85
14011,5651.0,14.6,825,458.0,17.2,79
14012,2125.0,18.7,397,123.0,2.4,3
14013,1120.0,28.8,323,65.0,0.0,0
14020,16352.0,22.7,3712,1707.0,10.0,171
14024,1054.0,14.4,152,70.0,21.4,15
14025,2823.0,41.6,1174,166.0,41.0,68
14026,474.0,42.6,202,22.0,100.0,22
14027,79.0,41.8,33,0.0,,
14028,1119.0,18.4,206,31.0,0.0,0
14029,29.0,13.8,4,0.0,,
14030,1411.0,18.9,267,87.0,12.6,11
14031,7603.0,50.9,3870,473.0,31.5,149
14032,7107.0,57.6,4094,779.0,26.3,205
14033,1155.0,42.3,489,59.0,0.0,0
14034,1715.0,15.4,264,111.0,14.4,16
14035,47.0,10.6,5,7.0,0.0,0
14036,4450.0,19.0,846,397.0,7.3,29
14037,734.0,14.4,106,67.0,26.9,18
14039,74.0,12.2,9,5.0,0.0,0
14040,1206.0,23.9,288,75.0,38.7,29
14041,147.0,5.4,8,0.0,,
14042,2900.0,17.2,499,345.0,2.6,9
14043,18452.0,27.3,5037,2003.0,28.7,575
14047,4985.0,19.2,957,384.0,13.3,51
14048,11173.0,18.0,2011,1195.0,12.1,145
14051,14662.0,64.0,9384,1179.0,27.6,325
14052,13661.0,46.7,6380,942.0,26.6,251
14054,939.0,23.3,219,87.0,9.2,8
14055,1042.0,23.9,249,106.0,52.8,56
14056,141.0,0.0,0,0.0,,
14057,5604.0,33.3,1866,490.0,19.6,96
14058,1590.0,24.5,390,136.0,1.5,2
14059,6837.0,42.3,2892,517.0,22.1,114
14060,272.0,15.8,43,25.0,0.0,0
14061,81.0,14.8,12,8.0,0.0,0
14062,2326.0,13.3,309,239.0,2.9,7
14063,7871.0,40.1,3156,3137.0,4.4,138
14065,1081.0,14.8,160,266.0,9.0,24
14066,829.0,23.0,191,33.0,9.1,3
14067,2886.0,28.0,808,347.0,0.0,0
14068,5984.0,52.9,3166,602.0,29.7,179
14069,414.0,38.6,160,0.0,,
14070,3701.0,14.5,537,416.0,9.6,40
14072,15605.0,44.3,6913,1686.0,9.0,152
14075,32657.0,37.9,12377,3198.0,15.0,480
14080,3160.0,21.4,676,358.0,0.0,0
14081,1973.0,24.7,487,221.0,2.3,5
14082,392.0,41.6,163,42.0,26.2,11
14083,20.0,0.0,0,0.0,,
14085,5796.0,48.5,2811,394.0,34.5,136
14086,26135.0,39.3,10271,2462.0,23.2,571
14091,1030.0,18.9,195,17.0,0.0,0
14092,8112.0,39.7,3220,544.0,10.5,57
14094,36283.0,28.7,10413,3732.0,12.9,481
14098,1945.0,22.7,442,275.0,5.5,15
14101,1451.0,10.2,148,128.0,12.5,16
14102,1331.0,40.9,544,78.0,19.2,15
14103,7774.0,18.3,1423,778.0,7.8,61
14105,3813.0,20.5,782,418.0,8.1,34
14108,3810.0,26.9,1025,310.0,39.0,121
14109,0.0,,,1296.0,0.4,5
14111,2237.0,21.9,490,197.0,7.6,15
14112,25.0,52.0,13,13.0,100.0,13
14113,480.0,21.7,104,45.0,4.4,2
14120,32589.0,30.2,9842,3152.0,16.5,520
14125,2556.0,21.1,539,222.0,10.4,23
14126,174.0,31.0,54,47.0,0.0,0
14127,22608.0,52.6,11892,1905.0,36.9,703
14129,899.0,20.9,188,96.0,16.7,16
14130,63.0,15.9,10,2.0,0.0,0
14131,3898.0,21.4,834,346.0,12.1,42
14132,4471.0,27.4,1225,581.0,19.1,111
14134,37.0,29.7,11,0.0,,
14135,73.0,9.6,7,23.0,0.0,0
14136,3792.0,26.3,997,411.0,18.5,76
14138,1399.0,20.0,280,95.0,37.9,36
14139,1405.0,29.3,412,97.0,12.4,12
14141,5385.0,28.2,1519,475.0,24.2,115
14143,801.0,28.7,230,106.0,0.0,0
14145,937.0,21.9,205,87.0,29.9,26
14150,31349.0,32.4,10157,3029.0,20.0,606
14166,153.0,88.2,135,29.0,0.0,0
14167,1450.0,13.4,194,173.0,0.0,0
14168,65.0,13.8,9,16.0,0.0,0
14169,84.0,0.0,0,0.0,,
14170,1646.0,37.2,612,68.0,41.2,28
14171,1358.0,17.7,240,79.0,20.3,16
14172,2333.0,26.5,618,178.0,11.8,21
14173,151.0,0.0,0,0.0,,
14174,4258.0,33.8,1439,240.0,24.2,58
14201,8553.0,39.2,3353,1373.0,37.4,514
14202,2918.0,45.2,1319,393.0,37.4,147
14203,2010.0,42.6,856,331.0,26.6,88
14204,5663.0,16.0,906,350.0,13.4,47
14206,15664.0,17.8,2788,1661.0,5.8,96
14207,16230.0,18.6,3019,2242.0,5.8,130
14208,7520.0,23.0,1730,2369.0,10.3,244
14209,6048.0,46.1,2788,1513.0,28.2,427
14210,11314.0,18.9,2138,1078.0,12.5,135
14211,14747.0,15.5,2286,1704.0,2.0,34
14212,8329.0,11.3,941,1079.0,13.5,146
14213,15004.0,35.8,5371,2289.0,19.6,449
14214,13161.0,46.3,6094,4276.0,23.9,1022
14215,24922.0,19.0,4735,6847.0,7.8,534
14216,17895.0,54.1,9681,1896.0,27.7,525
14217,16806.0,41.3,6941,1653.0,18.9,312
14218,14315.0,21.0,3006,1758.0,8.2,144
14219,8567.0,21.4,1833,627.0,6.2,39
14220,17092.0,28.0,4786,1528.0,15.0,229
14221,41169.0,57.0,23466,3344.0,35.3,1180
14222,10920.0,62.8,6858,2540.0,22.0,559
14223,17179.0,43.8,7524,953.0,20.9,199
14224,30683.0,33.5,10279,2982.0,18.2,543
14225,24777.0,28.7,7111,2387.0,24.6,587
14226,19984.0,57.1,11411,3195.0,43.2,1380
14227,16664.0,25.9,4316,1536.0,12.2,187
14228,15805.0,48.8,7713,3989.0,21.2,846
14260,8.0,100.0,8,829.0,2.3,19
14261,48.0,85.4,41,4736.0,1.4,66
14301,8831.0,17.7,1563,770.0,8.3,64
14302,209.0,12.9,27,0.0,,
14303,4156.0,16.1,669,410.0,2.4,10
14304,21592.0,25.4,5484,1747.0,27.9,487
14305,10473.0,24.6,2576,2248.0,10.1,227
14411,9729.0,11.8,1148,861.0,6.6,57
14413,50.0,38.0,19,0.0,,
14414,4875.0,34.4,1677,524.0,5.3,28
14415,72.0,0.0,0,16.0,0.0,0
14416,2756.0,30.3,835,351.0,0.0,0
14418,837.0,30.0,251,9.0,0.0,0
14420,12669.0,34.8,4409,4140.0,9.1,377
14422,1232.0,22.6,278,102.0,6.9,7
14423,3385.0,35.6,1205,465.0,15.1,70
14424,21433.0,40.9,8766,2548.0,9.7,247
14425,9279.0,39.1,3628,867.0,24.5,212
14427,1358.0,14.9,202,125.0,1.6,2
14428,5911.0,37.2,2199,581.0,19.4,113
14432,3684.0,28.5,1050,428.0,22.7,97
14433,2645.0,16.9,447,397.0,0.0,0
14435,1858.0,28.5,530,107.0,28.0,30
14437,6495.0,21.3,1383,886.0,7.9,70
14441,246.0,20.7,51,19.0,15.8,3
14445,5618.0,35.9,2017,663.0,22.6,150
14450,31897.0,59.9,19106,2339.0,19.4,454
14453,0.0,,,0.0,,
14454,5075.0,50.0,2538,4528.0,4.5,204
14456,12933.0,33.9,4384,3398.0,4.1,139
14462,469.0,22.2,104,63.0,0.0,0
14463,190.0,5.8,11,7.0,0.0,0
14464,4871.0,26.3,1281,457.0,25.6,117
14466,1337.0,28.9,386,81.0,0.0,0
14467,8069.0,43.9,3542,422.0,13.5,57
14468,12937.0,34.9,4515,1283.0,10.6,136
14469,4489.0,28.2,1266,316.0,18.0,57
14470,5594.0,19.6,1096,562.0,21.4,120
14471,2270.0,28.9,656,102.0,19.6,20
14472,6491.0,62.1,4031,500.0,31.0,155
14475,194.0,63.9,124,19.0,52.6,10
14476,1663.0,23.8,396,164.0,6.7,11
14477,1305.0,30.7,401,191.0,0.0,0
14478,555.0,52.4,291,749.0,0.0,0
14479,61.0,0.0,0,0.0,,
14480,416.0,33.2,138,99.0,0.0,0
14481,1400.0,32.3,452,91.0,24.2,22
14482,5992.0,28.3,1696,715.0,19.2,137
14485,2785.0,38.2,1064,535.0,19.4,104
14486,302.0,16.2,49,17.0,0.0,0
14487,4074.0,31.7,1291,408.0,0.0,0
14489,4714.0,19.1,900,707.0,3.7,26
14502,7464.0,41.5,3098,793.0,17.3,137
14504,1196.0,22.2,266,94.0,26.6,25
14505,3804.0,19.5,742,266.0,28.6,76
14506,716.0,63.5,455,16.0,0.0,0
14507,1017.0,18.7,190,42.0,14.3,6
14510,3347.0,22.2,743,438.0,6.4,28
14511,387.0,71.6,277,59.0,0.0,0
14512,3648.0,29.0,1058,398.0,13.6,54
14513,9936.0,19.0,1888,873.0,1.6,14
14514,4233.0,41.9,1774,478.0,28.2,135
14515,146.0,17.8,26,0.0,,
14516,1334.0,24.4,325,322.0,0.0,0
14517,1892.0,26.3,498,147.0,0.7,1
14519,8860.0,34.0,3012,753.0,6.9,52
14521,2228.0,21.1,470,279.0,7.2,20
14522,6772.0,24.5,1659,714.0,24.8,177
14525,1777.0,27.2,483,197.0,4.1,8
14526,13760.0,62.4,8586,1142.0,6.5,74
14527,8789.0,27.2,2391,821.0,8.5,70
14529,76.0,10.5,8,0.0,,
14530,4487.0,16.0,718,462.0,22.7,105
14532,2717.0,22.6,614,244.0,14.3,35
14533,1201.0,22.0,264,162.0,13.6,22
14534,24014.0,72.4,17386,1527.0,11.9,182
14536,469.0,19.0,89,108.0,7.4,8
14537,183.0,18.0,33,34.0,0.0,0
14539,74.0,14.9,11,25.0,0.0,0
14541,2302.0,17.2,396,413.0,1.5,6
14542,33.0,0.0,0,0.0,,
14543,2589.0,40.4,1046,169.0,10.1,17
14544,1569.0,17.0,267,197.0,0.0,0
14545,116.0,17.2,20,2.0,0.0,0
14546,3495.0,42.0,1468,299.0,16.7,50
14548,2704.0,16.3,441,365.0,3.8,14
14549,308.0,24.7,76,16.0,0.0,0
14550,873.0,17.1,149,84.0,0.0,0
14551,4021.0,15.9,639,250.0,4.0,10
14555,978.0,34.6,338,73.0,0.0,0
14556,835.0,4.7,39,67.0,13.4,9
14557,109.0,22.9,25,24.0,54.2,13
14559,12562.0,38.8,4874,1428.0,24.8,354
14560,1778.0,26.7,475,200.0,55.0,110
14561,1688.0,19.9,336,141.0,16.3,23
14564,11750.0,56.5,6639,839.0,31.7,266
14568,4549.0,33.5,1524,404.0,28.0,113
14569,4996.0,18.0,899,429.0,0.0,0
14571,835.0,25.7,215,102.0,0.0,0
14572,3173.0,18.0,571,293.0,41.6,122
14580,40517.0,45.3,18354,2767.0,26.5,733
14585,167.0,6.6,11,0.0,,
14586,8591.0,47.3,4064,1906.0,17.8,339
14588,0.0,,,0.0,,
14589,5665.0,28.6,1620,611.0,13.1,80
14590,3773.0,15.8,596,391.0,2.0,8
14591,1104.0,17.1,189,91.0,15.4,14
14592,109.0,23.9,26,0.0,,
14604,2202.0,61.8,1361,384.0,41.4,159
14605,6610.0,12.3,813,1454.0,5.5,80
14606,19147.0,22.5,4308,1818.0,7.5,136
14607,13647.0,59.5,8120,3168.0,49.2,1559
14608,8475.0,23.6,2000,1189.0,15.2,181
14609,28603.0,33.1,9468,2908.0,10.8,314
14610,11019.0,65.9,7262,1079.0,29.0,313
14611,10641.0,11.8,1256,2178.0,9.3,203
14612,26469.0,35.8,9476,2174.0,18.5,402
14613,8840.0,14.4,1273,1212.0,0.9,11
14614,974.0,16.3,159,118.0,5.1,6
14615,12115.0,21.0,2544,1589.0,9.4,149
14616,18027.0,23.5,4236,1929.0,6.7,129
14617,15781.0,49.6,7827,997.0,28.1,280
14618,15790.0,76.4,12064,3651.0,9.3,340
14619,9446.0,31.3,2957,1214.0,2.5,30
14620,17248.0,56.4,9728,3403.0,39.4,1341
14621,21206.0,11.7,2481,3093.0,3.7,114
14622,9711.0,33.8,3282,684.0,23.5,161
14623,12997.0,40.7,5290,10051.0,9.7,975
14624,27593.0,33.5,9244,2708.0,16.7,452
14625,8231.0,60.0,4939,512.0,42.8,219
14626,22031.0,32.0,7050,2079.0,16.5,343
14627,21.0,0.0,0,2901.0,0.6,17
14642,0.0,,,0.0,,
14701,27131.0,24.8,6728,3058.0,6.6,202
14706,4361.0,34.6,1509,463.0,6.9,32
14707,84.0,6.0,5,9.0,33.3,3
14708,115.0,6.1,7,1.0,0.0,0
14709,884.0,20.9,185,106.0,0.0,0
14710,2141.0,29.0,621,208.0,9.6,20
14711,1204.0,21.5,259,154.0,8.4,13
14712,2415.0,29.6,715,231.0,7.8,18
14714,352.0,17.3,61,53.0,0.0,0
14715,1727.0,20.0,345,193.0,0.0,0
14716,1607.0,18.9,304,216.0,0.9,2
14717,558.0,34.1,190,11.0,0.0,0
14718,1310.0,23.8,312,166.0,3.0,5
14719,2351.0,16.9,397,288.0,8.7,25
14720,599.0,12.0,72,50.0,0.0,0
14721,138.0,11.6,16,28.0,0.0,0
14722,201.0,79.6,160,64.0,3.1,2
14723,782.0,13.8,108,49.0,8.2,4
14724,1647.0,18.2,300,289.0,4.5,13
14726,1123.0,9.9,111,216.0,0.0,0
14727,3600.0,20.7,745,304.0,17.1,52
14728,620.0,33.7,209,51.0,0.0,0
14729,543.0,18.4,100,82.0,3.7,3
14731,986.0,37.0,365,60.0,15.0,9
14732,21.0,0.0,0,0.0,,
14733,2292.0,16.1,369,213.0,3.3,7
14735,1680.0,23.8,400,176.0,11.9,21
14736,146.0,39.7,58,41.0,0.0,0
14737,2978.0,14.2,423,168.0,0.0,0
14738,2624.0,17.2,451,213.0,19.2,41
14739,1723.0,9.4,162,183.0,4.9,9
14740,864.0,17.4,150,124.0,1.6,2
14741,1376.0,21.2,292,138.0,0.0,0
14742,104.0,61.5,64,0.0,,
14743,1499.0,11.2,168,185.0,16.2,30
14744,943.0,55.7,525,914.0,2.6,24
14747,1464.0,14.1,206,116.0,3.4,4
14748,373.0,8.8,33,23.0,0.0,0
14750,3237.0,35.4,1146,308.0,28.9,89
14752,111.0,85.6,95,0.0,,
14753,644.0,14.1,91,109.0,0.0,0
14754,478.0,14.4,69,57.0,0.0,0
14755,2064.0,14.7,303,188.0,8.5,16
14756,0.0,,,0.0,,
14757,2256.0,37.1,837,332.0,0.0,0
14760,12311.0,27.4,3373,1154.0,17.9,207
14767,1393.0,13.1,182,187.0,2.1,4
14769,562.0,23.1,130,108.0,0.0,0
14770,1936.0,23.8,461,301.0,6.3,19
14772,3049.0,24.0,732,302.0,0.0,0
14774,194.0,7.7,15,13.0,0.0,0
14775,1475.0,19.3,285,223.0,2.7,6
14777,317.0,20.8,66,67.0,0.0,0
14778,11.0,36.4,4,1397.0,5.1,71
14779,4671.0,14.5,677,434.0,7.1,31
14781,1324.0,16.8,222,61.0,6.6,4
14782,1628.0,24.6,400,54.0,14.8,8
14783,76.0,40.8,31,0.0,,
14784,680.0,23.2,158,52.0,0.0,0
14785,0.0,,,0.0,,
14787,3705.0,29.0,1074,135.0,0.0,0
14788,90.0,28.9,26,1.0,0.0,0
14801,3464.0,15.3,530,362.0,12.7,46
14802,778.0,68.9,536,3638.0,5.0,182
14803,996.0,44.5,443,74.0,0.0,0
14804,984.0,27.7,273,182.0,9.9,18
14805,554.0,17.7,98,70.0,0.0,0
14806,1501.0,22.6,339,133.0,18.0,24
14807,1957.0,24.3,476,173.0,16.8,29
14808,350.0,10.6,37,25.0,0.0,0
14809,1866.0,17.2,321,245.0,40.8,100
14810,8803.0,16.8,1479,660.0,15.2,100
14812,2172.0,15.9,345,240.0,0.0,0
14813,1735.0,21.4,371,204.0,0.0,0
14814,1274.0,59.2,754,136.0,27.9,38
14815,560.0,24.6,138,22.0,0.0,0
14816,404.0,28.5,115,13.0,0.0,0
14817,2019.0,57.1,1153,131.0,66.4,87
14818,1544.0,35.9,554,102.0,0.0,0
14819,387.0,12.9,50,12.0,25.0,3
14820,368.0,12.0,44,46.0,0.0,0
14821,2153.0,16.0,344,232.0,3.9,9
14822,606.0,16.7,101,44.0,25.0,11
14823,2631.0,21.9,576,292.0,14.0,41
14824,531.0,16.6,88,84.0,0.0,0
14825,489.0,28.4,139,86.0,0.0,0
14826,1501.0,16.3,245,165.0,10.9,18
14827,0.0,,,0.0,,
14830,13422.0,41.3,5543,1569.0,22.1,347
14836,773.0,18.0,139,60.0,0.0,0
14837,3755.0,20.3,762,413.0,1.5,6
14838,1502.0,17.2,258,159.0,3.8,6
14839,426.0,27.2,116,61.0,16.4,10
14840,2112.0,37.3,788,107.0,22.4,24
14841,591.0,38.1,225,0.0,,
14842,551.0,24.9,137,99.0,13.1,13
14843,9160.0,21.1,1933,957.0,11.5,110
14845,14796.0,35.1,5193,1623.0,17.6,286
14846,637.0,16.5,105,83.0,33.7,28
14847,1665.0,33.3,554,173.0,2.3,4
14850,37276.0,71.8,26764,21281.0,20.0,4256
14853,46.0,91.3,42,2245.0,1.1,25
14854,99.0,47.5,47,0.0,,
14855,490.0,13.1,64,80.0,5.0,4
14856,0.0,,,0.0,,
14858,1014.0,22.3,226,87.0,13.8,12
14859,776.0,24.5,190,76.0,0.0,0
14860,818.0,24.3,199,31.0,0.0,0
14861,1064.0,14.8,157,78.0,0.0,0
14864,778.0,32.0,249,48.0,0.0,0
14865,1909.0,20.3,388,143.0,2.8,4
14867,3857.0,30.6,1180,181.0,21.5,39
14869,802.0,24.3,195,61.0,9.8,6
14870,7229.0,41.3,2986,590.0,16.6,98
14871,3310.0,23.7,784,194.0,13.4,26
14872,438.0,23.5,103,16.0,0.0,0
14873,1340.0,19.1,256,129.0,4.7,6
14874,98.0,35.7,35,16.0,0.0,0
14877,419.0,17.7,74,122.0,7.4,9
14878,466.0,23.0,107,35.0,17.1,6
14879,1644.0,13.8,227,135.0,12.6,17
14880,1141.0,21.6,246,124.0,2.4,3
14881,130.0,56.2,73,29.0,6.9,2
14882,2533.0,49.5,1254,491.0,23.6,116
14883,3165.0,30.3,959,421.0,4.3,18
14884,240.0,24.6,59,31.0,19.4,6
14885,450.0,13.6,61,59.0,0.0,0
14886,4902.0,43.5,2132,448.0,15.8,71
14889,916.0,24.5,224,80.0,3.8,3
14891,3473.0,24.6,854,326.0,7.7,25
14892,5630.0,18.1,1019,571.0,23.3,133
14893,12.0,0.0,0,0.0,,
14894,987.0,10.6,105,90.0,0.0,0
14895,6451.0,24.0,1548,971.0,14.9,145
14897,508.0,9.1,46,54.0,22.2,12
14898,894.0,12.0,107,247.0,3.2,8
14901,9703.0,16.1,1562,1717.0,5.6,96
14903,5183.0,27.7,1436,521.0,7.1,37
14904,10004.0,17.2,1721,1298.0,15.6,202
14905,6334.0,42.2,2673,554.0,12.3,68
