zip_code,total_population,male_population,female_population,age_under_18,age_18_to_44,age_45_plus,race_white,race_native_american,race_asian,pop_25_over,pct_bachelors_plus_25_over,count_bachelors_plus_25_over,pop_18_24,pct_bachelor_and_over_18_24,count_bachelors_plus_18_24,shape_area,borough,PO_NAME,area_sqkm,area_sqmi,population_density,Education Index,Median_Household_Income,bus_stop_count,subway_count,total_stores
83,,,,,,,,,,,,,,,,38300990.4037,Manhattan,Central Park,38.3009904037,14.788088996849376,,,,0.0,0.0,0.0
10001,29079.0,14069.0,15010.0,4010.6,15181.4,6331.0,15893.0,32.0,5228.0,22724.0,71.5,16248.0,3033.0,33.5,1016.0,17794940.7729,Manhattan,New York,17.7949407729,6.870662222298235,1634.1161440831852,105.0,15097.0,63.0,7.0,46.0
10002,75517.0,38110.0,37407.0,10757.2,28954.8,18537.0,23597.0,262.0,27700.0,59418.0,39.0,23173.0,5978.0,30.8,1841.0,26280128.5931,Manhattan,New York,26.2801285931,10.146810210053095,2873.5399727011772,69.8,35771.0,84.0,5.0,129.0
10003,53825.0,26407.0,27418.0,9148.8,27316.2,9077.0,36193.0,68.0,9639.0,36544.0,82.2,30039.0,13489.0,24.2,3264.0,15538376.2738,Manhattan,New York,15.5383762738,5.999398156066728,3464.004156647751,106.4,25080.0,57.0,7.0,59.0
10004,3875.0,2118.0,1757.0,793.8,2117.2,787.0,2460.0,0.0,923.0,3010.0,90.9,2736.0,89.0,33.7,30.0,13554813.42382,Manhattan,New York,13.55481342382,5.23354057256375,285.8763067288279,124.60000000000001,1775.0,30.0,3.0,5.0
10005,9238.0,4637.0,4601.0,887.8,6336.2,1653.0,6254.0,0.0,1311.0,7325.0,84.3,6175.0,1070.0,50.7,542.0,2082901.14074,Manhattan,New York,2.08290114074,0.8042122962419954,4435.160084802671,135.0,5156.0,9.0,2.0,7.0
10006,4475.0,1974.0,2501.0,740.8,3019.2,572.0,2932.0,0.0,1058.0,3465.0,84.9,2942.0,709.0,10.0,71.0,1716640.90186,Manhattan,New York,1.7166409018600002,0.6627984854899498,2606.8352415180634,94.9,2305.0,20.0,3.0,5.0
10007,7802.0,3698.0,4104.0,1517.4,4004.6,1675.0,5593.0,0.0,1179.0,5618.0,86.4,4854.0,634.0,62.3,395.0,5328635.48537,Manhattan,New York,5.3286354853699995,2.057396818172327,1464.1647043451799,148.7,3309.0,51.0,8.0,17.0
10009,58341.0,29225.0,29116.0,6206.0,27782.0,14753.0,32293.0,185.0,7533.0,47633.0,62.6,29818.0,4659.0,58.4,2721.0,15903519.5061,Manhattan,New York,15.9035195061,6.140380688344222,3668.4332658329217,121.0,30025.0,61.0,1.0,64.0
10010,31905.0,14867.0,17038.0,5184.2,14609.8,6691.0,20884.0,112.0,4517.0,23770.0,80.5,19135.0,4069.0,25.7,1046.0,9768395.37543,Manhattan,New York,9.76839537543,3.771596991244274,3266.1454388147713,106.2,16192.0,82.0,2.0,28.0
10011,49344.0,24816.0,24528.0,5272.8,20693.2,13973.0,35340.0,60.0,5118.0,41026.0,79.2,32493.0,3847.0,36.8,1416.0,18118416.8465,Manhattan,New York,18.1184168465,6.9955569812673435,2723.4167542365576,116.0,28277.0,63.0,9.0,56.0
10012,21846.0,10437.0,11409.0,2021.0,11680.0,5015.0,15076.0,66.0,3780.0,17230.0,83.3,14353.0,2677.0,67.5,1807.0,9193739.33105,Manhattan,New York,9.19373933105,3.5497211431970666,2376.18222720537,150.8,11909.0,30.0,4.0,38.0
10013,28215.0,13379.0,14836.0,4192.2,12380.8,6689.0,15873.0,14.0,8621.0,21815.0,72.0,15707.0,2611.0,22.4,585.0,15580577.9879,Manhattan,New York,15.5805779879,6.015692322284166,1810.9084285520082,94.4,12609.0,38.0,8.0,68.0
10014,29772.0,14615.0,15157.0,2351.8,14678.2,7391.0,24317.0,58.0,1516.0,25727.0,84.9,21842.0,1787.0,65.5,1170.0,14151051.856,Manhattan,New York,14.151051856,5.463749423705313,2103.871874893651,150.4,17682.0,44.0,3.0,46.0
10016,54297.0,26499.0,27798.0,5126.0,30898.0,10485.0,33663.0,65.0,10830.0,43154.0,81.7,35257.0,6398.0,68.6,4389.0,15042403.038,Manhattan,New York,15.042403038,5.807901897777876,3609.59614383655,150.3,30164.0,65.0,2.0,41.0
10017,14985.0,6914.0,8071.0,637.2,7785.8,2970.0,10102.0,28.0,2736.0,13266.0,85.3,11316.0,1118.0,75.2,841.0,9794383.24005,Manhattan,New York,9.79438324005,3.7816309577497846,1529.958511192942,160.5,9529.0,51.0,3.0,43.0
10018,8764.0,4366.0,4398.0,784.2,5370.8,1751.0,3871.0,189.0,2402.0,7458.0,75.2,5608.0,617.0,48.6,300.0,10705796.4792,Manhattan,New York,10.7057964792,4.133529432212079,818.6219509241873,123.80000000000001,4901.0,26.0,3.0,44.0
10019,44276.0,24172.0,20104.0,2801.8,21921.2,10327.0,26883.0,239.0,8151.0,39679.0,77.5,30751.0,1881.0,72.3,1360.0,18828383.1169,Manhattan,New York,18.8283831169,7.269676378201324,2351.556143992986,149.8,26900.0,95.0,6.0,69.0
10020,0.0,0.0,0.0,0.0,0.0,0.0,0.0,0.0,0.0,0.0,,,0.0,,,697297.022409,Manhattan,New York,0.6972970224089999,0.2692277749461597,0.0,,0.0,7.0,0.0,3.0
10021,39479.0,17241.0,22238.0,6177.6,14613.4,9018.0,32620.0,0.0,3888.0,31592.0,80.6,25463.0,1750.0,66.1,1157.0,10495132.7484,Manhattan,New York,10.4951327484,4.052191744422737,3761.64846566792,146.7,20319.0,35.0,2.0,35.0
10022,34340.0,15862.0,18478.0,4125.4,12570.6,7786.0,26374.0,27.0,4026.0,29095.0,83.6,24323.0,1300.0,60.1,781.0,12728335.6232,Manhattan,New York,12.7283356232,4.914435840788766,2697.917545276565,143.7,18627.0,85.0,4.0,38.0
10023,67468.0,30977.0,36491.0,11079.6,23829.4,18199.0,45595.0,99.0,10948.0,53645.0,84.3,45223.0,3853.0,25.8,994.0,15212712.6783,Manhattan,New York,15.2127126783,5.873658790516987,4434.9749730197,110.1,36881.0,73.0,5.0,33.0
10024,62576.0,29396.0,33180.0,10550.2,20862.8,17540.0,50685.0,51.0,2973.0,50060.0,84.2,42151.0,2053.0,44.3,909.0,22877335.4506,Manhattan,New York,22.877335450599997,8.83298497214756,2735.2835794676794,128.5,29447.0,74.0,4.0,34.0
10025,93223.0,43590.0,49633.0,13863.6,37390.4,21311.0,53927.0,111.0,9406.0,70984.0,68.8,48837.0,9447.0,36.9,3486.0,19631043.8226,Manhattan,New York,19.6310438226,7.579585281993505,4748.754108157925,105.69999999999999,41029.0,92.0,6.0,67.0
10026,37113.0,17603.0,19510.0,7086.2,16315.8,9786.0,9819.0,29.0,2369.0,27341.0,53.5,14627.0,2765.0,22.2,614.0,11092681.4885,Manhattan,New York,11.0926814885,4.282906508072827,3345.719431183143,75.7,15537.0,44.0,4.0,37.0
10027,65068.0,31553.0,33515.0,14587.0,29343.0,13868.0,19634.0,375.0,6669.0,42572.0,51.8,22052.0,10868.0,21.6,2347.0,24695278.5688,Manhattan,New York,24.6952785688,9.534896445970816,2634.835635432227,73.4,24509.0,122.0,3.0,72.0
10028,45679.0,20442.0,25237.0,6526.2,17539.8,10996.0,38602.0,9.0,3177.0,37523.0,83.2,31219.0,1883.0,43.5,819.0,9842046.47962,Manhattan,New York,9.84204647962,3.8000338298742418,4641.209538543417,126.7,24901.0,32.0,2.0,40.0
10029,74848.0,32614.0,42234.0,14962.0,29520.0,17744.0,15835.0,411.0,8940.0,54112.0,35.7,19318.0,6643.0,21.6,1435.0,22963435.6768,Manhattan,New York,22.9634356768,8.866228441683834,3259.4425787783607,57.300000000000004,33098.0,68.0,4.0,144.0
10030,30781.0,14515.0,16266.0,6070.6,12506.4,8115.0,4659.0,107.0,1521.0,22234.0,34.9,7760.0,2570.0,20.8,535.0,7757661.45487,Manhattan,New York,7.757661454869999,2.9952486030482164,3967.8194490785263,55.7,13180.0,41.0,2.0,33.0
10031,60305.0,29794.0,30511.0,9445.0,28164.0,14553.0,12743.0,351.0,2621.0,47341.0,40.8,19315.0,3820.0,33.9,1295.0,16902152.3658,Manhattan,New York,16.9021523658,6.525954832740111,3567.888792791964,74.69999999999999,21991.0,91.0,4.0,89.0
10032,55579.0,26596.0,28983.0,7800.2,24562.8,13002.0,12018.0,268.0,2789.0,42647.0,39.8,16974.0,5593.0,26.6,1488.0,23159566.0919,Manhattan,New York,23.159566091899997,8.941954787214772,2399.829071902976,66.4,21359.0,99.0,5.0,74.0
10033,53611.0,26985.0,26626.0,9300.6,23427.4,13349.0,17974.0,1162.0,1817.0,39698.0,41.3,16395.0,4976.0,22.1,1100.0,16156054.1726,Manhattan,New York,16.156054172599998,6.2378848281492045,3318.3226193263235,63.4,19747.0,74.0,3.0,78.0
10034,39037.0,18540.0,20497.0,7379.6,15694.4,10228.0,10488.0,885.0,1265.0,29329.0,39.2,11497.0,2370.0,19.6,465.0,24503892.12,Manhattan,New York,24.50389212,9.46100175531624,1593.0938566342334,58.800000000000004,15462.0,24.0,3.0,42.0
10035,39082.0,19785.0,19297.0,8234.2,16053.8,9452.0,7992.0,664.0,2260.0,27782.0,30.7,8529.0,3187.0,23.3,743.0,38940528.7966,Manhattan,New York,38.9405287966,15.035016049424852,1003.6330067354492,54.0,15056.0,87.0,1.0,55.0
10036,30589.0,17339.0,13250.0,2217.8,15567.2,7902.0,17012.0,29.0,4670.0,25778.0,69.3,17864.0,2692.0,60.9,1639.0,11395110.5096,Manhattan,New York,11.3951105096,4.399674957977579,2684.3969590492156,130.2,18886.0,58.0,5.0,37.0
10037,18333.0,7782.0,10551.0,2930.8,7023.2,4756.0,2574.0,77.0,775.0,14375.0,43.2,6210.0,1035.0,23.6,244.0,7188980.95327,Manhattan,New York,7.188980953270001,2.7756799240194536,2550.1528129186377,66.80000000000001,10205.0,20.0,0.0,17.0
10038,23342.0,10304.0,13038.0,4165.4,11156.6,4134.0,10416.0,43.0,6875.0,16805.0,61.6,10352.0,3210.0,34.5,1107.0,7022760.6429,Manhattan,New York,7.022760642900001,2.7115019297449763,3323.7641416127035,96.1,10694.0,31.0,3.0,23.0
10039,30512.0,14329.0,16183.0,6759.4,11088.6,9141.0,3183.0,143.0,446.0,21944.0,27.2,5969.0,2056.0,20.4,419.0,8419027.88454,Manhattan,New York,8.41902788454,3.250603504276663,3624.1713910972653,47.599999999999994,12427.0,32.0,2.0,28.0
10040,41581.0,19832.0,21749.0,6845.6,15863.4,10964.0,11008.0,514.0,731.0,32180.0,38.3,12325.0,2835.0,22.3,632.0,16340742.7954,Manhattan,New York,16.3407427954,6.309193474789531,2544.621166897337,60.599999999999994,16260.0,34.0,4.0,54.0
10041,,,,,,,,,,,,,,,,162236.646863,Manhattan,New York,0.162236646863,0.062639893827098,,,,0.0,0.0,1.0
10043,,,,,,,,,,,,,,,,38262.3648074,Manhattan,New York,0.0382623648074,0.0147731755768667,,,,0.0,0.0,0.0
10044,11998.0,5561.0,6437.0,2348.6,5024.4,2432.0,5063.0,0.0,3538.0,9119.0,72.0,6566.0,604.0,29.0,175.0,6296113.26978,Manhattan,New York,6.296113269779999,2.430941925688597,1905.6201001954398,101.0,5146.0,0.0,1.0,4.0
10045,,,,,,,,,,,,,,,,47808.9854242,Manhattan,New York,0.0478089854242,0.0184591448902544,,,,0.0,0.0,0.0
10047,,,,,,,,,,,,,,,,20299.5593662,Manhattan,New York,0.0202995593662,0.0078377004704085,,,,0.0,0.0,0.0
10048,,,,,,,,,,,,,,,,972788.42696,Manhattan,New York,0.97278842696,0.3755955572261099,,,,2.0,1.0,0.0
10055,,,,,,,,,,,,,,,,37223.5387892,Manhattan,New York,0.0372235387892,0.0143720827735876,,,,0.0,0.0,0.0
10065,31047.0,13696.0,17351.0,5062.2,12060.8,6991.0,23642.0,0.0,4055.0,24999.0,85.9,21474.0,973.0,55.0,535.0,11442579.5473,Manhattan,New York,11.4425795473,4.418002848371624,2713.2867961862567,140.9,16706.0,43.0,3.0,28.0
10069,6669.0,3727.0,2942.0,1634.8,2612.2,1894.0,3036.0,0.0,1947.0,4958.0,91.0,4512.0,60.0,75.0,45.0,2372365.88899,Manhattan,New York,2.3723658889899997,0.9159752144708168,2811.117808998354,166.0,3202.0,4.0,0.0,1.0
10075,23865.0,9997.0,13868.0,3426.0,8798.0,5909.0,19737.0,0.0,2276.0,18743.0,84.8,15894.0,1740.0,34.7,604.0,4809654.93064,Manhattan,New York,4.80965493064,1.8570173880299652,4961.89442780345,119.5,12536.0,25.0,0.0,17.0
10080,,,,,,,,,,,,,,,,77111.44771,Manhattan,New York,0.0771114477099999,0.0297728841837264,,,,0.0,0.0,0.0
10081,,,,,,,,,,,,,,,,30240.5054524,Manhattan,New York,0.0302405054524,0.0116759196361825,,,,0.0,0.0,0.0
10096,,,,,,,,,,,,,,,,42106.1146917,Manhattan,New York,0.0421061146917,0.0162572550946947,,,,0.0,0.0,0.0
10097,,,,,,,,,,,,,,,,65826.1779787,Manhattan,New York,0.0658261779787,0.025415618969932,,,,0.0,0.0,0.0
10103,0.0,0.0,0.0,0.0,0.0,0.0,0.0,0.0,0.0,0.0,,,0.0,,,62713.2534062,Manhattan,New York,0.0627132534062,0.0242137125666406,0.0,,0.0,0.0,0.0,0.0
10104,,,,,,,,,,,,,,,,89721.8525423,Manhattan,New York,0.0897218525423,0.0346417867102871,,,,0.0,0.0,0.0
10105,,,,,,,,,,,,,,,,35422.1567546,Manhattan,New York,0.0354221567546,0.0136765655672645,,,,0.0,0.0,0.0
10106,,,,,,,,,,,,,,,,31052.5527962,Manhattan,New York,0.0310525527962,0.0119894527397184,,,,0.0,0.0,0.0
10107,,,,,,,,,,,,,,,,23030.1758969,Manhattan,New York,0.0230301758969,0.0088919969741448,,,,0.0,0.0,0.0
10110,0.0,0.0,0.0,0.0,0.0,0.0,0.0,0.0,0.0,0.0,,,0.0,,,21249.0635162,Manhattan,New York,0.0212490635162,0.0082043059217318,0.0,,0.0,2.0,0.0,1.0
10111,0.0,0.0,0.0,0.0,0.0,0.0,0.0,0.0,0.0,0.0,,,0.0,,,103066.25326,Manhattan,New York,0.10306625326,0.0397940865161925,0.0,,0.0,2.0,0.0,0.0
10112,0.0,0.0,0.0,0.0,0.0,0.0,0.0,0.0,0.0,0.0,,,0.0,,,16700.7379806,Manhattan,New York,0.0167007379805999,0.0064481883357856,0.0,,0.0,0.0,0.0,2.0
10115,0.0,0.0,0.0,0.0,0.0,0.0,0.0,0.0,0.0,0.0,,,0.0,,,71720.1250888,Manhattan,New York,0.0717201250888,0.0276912837370358,0.0,,0.0,1.0,0.0,0.0
10118,,,,,,,,,,,,,,,,91733.7153701,Manhattan,New York,0.0917337153701,0.0354185709718263,,,,0.0,0.0,1.0
10119,0.0,0.0,0.0,0.0,0.0,0.0,0.0,0.0,0.0,0.0,,,0.0,,,126392.973553,Manhattan,New York,0.126392973553,0.0488005798747604,0.0,,0.0,0.0,0.0,4.0
10120,,,,,,,,,,,,,,,,35179.27222,Manhattan,New York,0.03517927222,0.0135827873626864,,,,0.0,0.0,1.0
10121,,,,,,,,,,,,,,,,115104.799339,Manhattan,New York,0.115104799339,0.0444421932343865,,,,0.0,0.0,0.0
10122,,,,,,,,,,,,,,,,23294.6381032,Manhattan,New York,0.0232946381032,0.0089941063609217,,,,0.0,0.0,0.0
10123,,,,,,,,,,,,,,,,16138.5369623,Manhattan,New York,0.0161385369623,0.0062311213982179,,,,0.0,0.0,0.0
10128,59000.0,26196.0,32804.0,8297.0,22830.0,14580.0,41579.0,106.0,6166.0,47586.0,77.5,36879.0,3461.0,53.8,1862.0,11011681.5568,Manhattan,New York,11.0116815568,4.251632272443594,5357.9464403932,131.3,30154.0,30.0,1.0,48.0
10151,,,,,,,,,,,,,,,,21380.2683788,Manhattan,New York,0.0213802683788,0.0082549643815914,,,,0.0,0.0,0.0
10152,0.0,0.0,0.0,0.0,0.0,0.0,0.0,0.0,0.0,0.0,,,0.0,,,59924.9982704,Manhattan,New York,0.0599249982704,0.0231371616821979,0.0,,0.0,0.0,0.0,0.0
10153,0.0,0.0,0.0,0.0,0.0,0.0,0.0,0.0,0.0,0.0,,,0.0,,,80339.6472271,Manhattan,New York,0.0803396472270999,0.0310192984736777,0.0,,0.0,0.0,0.0,0.0
10154,0.0,0.0,0.0,0.0,0.0,0.0,0.0,0.0,0.0,0.0,,,0.0,,,79148.8023924,Manhattan,New York,0.0791488023924,0.0305595109013104,0.0,,0.0,0.0,0.0,0.0
10155,,,,,,,,,,,,,,,,24784.6885389,Manhattan,New York,0.0247846885389,0.0095694178142463,,,,0.0,0.0,0.0
10158,,,,,,,,,,,,,,,,35395.7701438,Manhattan,New York,0.0353957701438,0.0136663776440614,,,,0.0,0.0,0.0
10162,1769.0,884.0,885.0,393.2,338.8,259.0,1577.0,0.0,51.0,1349.0,64.5,870.0,35.0,51.4,18.0,21034.8869204,Manhattan,New York,0.0210348869204,0.0081216119097402,84098.38411274715,115.9,883.0,0.0,0.0,0.0
10165,0.0,0.0,0.0,0.0,0.0,0.0,0.0,0.0,0.0,0.0,,,0.0,,,40779.8152022,Manhattan,New York,0.0407798152022,0.0157451682091998,0.0,,0.0,0.0,0.0,0.0
10166,,,,,,,,,,,,,,,,110438.62317,Manhattan,New York,0.11043862317,0.0426405732831833,,,,0.0,0.0,0.0
10167,0.0,0.0,0.0,0.0,0.0,0.0,0.0,0.0,0.0,0.0,,,0.0,,,80926.1872511,Manhattan,New York,0.0809261872511,0.0312457627500242,0.0,,0.0,0.0,0.0,0.0
10168,0.0,0.0,0.0,0.0,0.0,0.0,0.0,0.0,0.0,0.0,,,0.0,,,27810.1220594,Manhattan,New York,0.0278101220594,0.0107375437473784,0.0,,0.0,0.0,0.0,0.0
10169,0.0,0.0,0.0,0.0,0.0,0.0,0.0,0.0,0.0,0.0,,,0.0,,,66246.3463652,Manhattan,New York,0.0662463463652,0.0255778468242964,0.0,,0.0,0.0,0.0,0.0
10170,0.0,0.0,0.0,0.0,0.0,0.0,0.0,0.0,0.0,0.0,,,0.0,,,61793.1751378,Manhattan,New York,0.0617931751378,0.0238584685070548,0.0,,0.0,0.0,0.0,0.0
10171,0.0,0.0,0.0,0.0,0.0,0.0,0.0,0.0,0.0,0.0,,,0.0,,,23525.085921,Manhattan,New York,0.023525085921,0.0090830827242699,0.0,,0.0,0.0,0.0,0.0
10172,0.0,0.0,0.0,0.0,0.0,0.0,0.0,0.0,0.0,0.0,,,0.0,,,79589.1001039,Manhattan,New York,0.0795891001039,0.0307295107283159,0.0,,0.0,0.0,0.0,0.0
10173,0.0,0.0,0.0,0.0,0.0,0.0,0.0,0.0,0.0,0.0,,,0.0,,,25689.4205868,Manhattan,New York,0.0256894205868,0.0099187366674046,0.0,,0.0,0.0,0.0,0.0
10174,0.0,0.0,0.0,0.0,0.0,0.0,0.0,0.0,0.0,0.0,,,0.0,,,44203.2255484,Manhattan,New York,0.0442032255484,0.0170669537906883,0.0,,0.0,0.0,0.0,0.0
10175,,,,,,,,,,,,,,,,18685.3945268,Manhattan,New York,0.0186853945268,0.0072144681975865,,,,0.0,0.0,0.0
10176,,,,,,,,,,,,,,,,18289.0897346,Manhattan,New York,0.0182890897345999,0.0070614541247085,,,,0.0,0.0,0.0
10177,0.0,0.0,0.0,0.0,0.0,0.0,0.0,0.0,0.0,0.0,,,0.0,,,24688.0511035,Manhattan,New York,0.0246880511035,0.0095321059071635,0.0,,0.0,0.0,0.0,0.0
10178,,,,,,,,,,,,,,,,51303.0376357,Manhattan,New York,0.0513030376356999,0.019808205437219,,,,0.0,0.0,0.0
10196,,,,,,,,,,,,,,,,35657.26530419,Manhattan,New York,0.03565726530419,0.0137673414484783,,,,0.0,0.0,0.0
10203,,,,,,,,,,,,,,,,37226.8835853,Manhattan,New York,0.0372268835853,0.0143733742060515,,,,0.0,0.0,0.0
10259,,,,,,,,,,,,,,,,21064.3129523,Manhattan,New York,0.0210643129522999,0.0081329733595089,,,,0.0,0.0,0.0
10260,,,,,,,,,,,,,,,,52514.7350789,Manhattan,New York,0.0525147350789,0.0202760442434334,,,,0.0,0.0,0.0
10265,,,,,,,,,,,,,,,,17229.1549665,Manhattan,New York,0.0172291549664999,0.0066522111908755,,,,0.0,0.0,0.0
10270,,,,,,,,,,,,,,,,31255.8004282,Manhattan,New York,0.0312558004282,0.0120679270569288,,,,0.0,0.0,0.0
10271,0.0,0.0,0.0,0.0,0.0,0.0,0.0,0.0,0.0,0.0,,,0.0,,,49236.8772023,Manhattan,New York,0.0492368772023,0.0190104567615624,0.0,,0.0,0.0,0.0,0.0
10275,,,,,,,,,,,,,,,,48280.4150043,Manhattan,New York,0.0482804150043,0.0186411647939902,,,,1.0,0.0,0.0
10278,0.0,0.0,0.0,0.0,0.0,0.0,0.0,0.0,0.0,0.0,,,0.0,,,206705.99517,Manhattan,New York,0.20670599517,0.0798095981471273,0.0,,0.0,0.0,0.0,0.0
10279,181.0,65.0,116.0,52.0,57.0,72.0,100.0,0.0,0.0,129.0,83.7,108.0,0.0,,,28664.7058134,Manhattan,New York,0.0286647058134,0.0110675002439653,6314.38540406674,,62.0,0.0,0.0,0.0
10280,8668.0,4186.0,4482.0,1017.4,3728.6,3178.0,5333.0,200.0,2463.0,7065.0,89.6,6330.0,565.0,51.2,289.0,2234113.99487,Manhattan,New York,2.23411399487,0.8625958816472967,3879.837832762146,140.8,4222.0,8.0,0.0,3.0
10281,,,,,,,,,,,,,,,,958087.21122,Manhattan,New York,0.95808721122,0.3699193884264645,,,,5.0,0.0,4.0
10282,5960.0,3257.0,2703.0,1541.2,2288.8,1524.0,4207.0,0.0,903.0,4258.0,82.0,3492.0,131.0,45.8,60.0,1561954.68329,Manhattan,New York,1.56195468329,0.6030738271276356,3815.7317006446324,127.8,2584.0,6.0,0.0,2.0
10285,,,,,,,,,,,,,,,,67350.3889582,Manhattan,New York,0.0673503889582,0.0260041198775389,,,,0.0,0.0,1.0
10286,,,,,,,,,,,,,,,,11264.4123791,Manhattan,New York,0.0112644123791,0.0043492121483952,,,,0.0,0.0,0.0
10301,39799.0,19331.0,20468.0,9119.6,14603.4,9858.0,17504.0,318.0,3050.0,27600.0,38.2,10543.0,3478.0,12.6,438.0,105182712.649,Staten Island,Staten Island,105.182712649,40.6112557192042,378.3796690318424,50.800000000000004,14430.0,210.0,2.0,65.0
10302,19693.0,10444.0,9249.0,5096.8,7300.2,5281.0,6572.0,319.0,1180.0,12959.0,28.9,3745.0,1928.0,7.1,137.0,29555323.0234,Staten Island,Staten Island,29.5553230234,11.411369329980786,666.309753556351,36.0,6159.0,101.0,0.0,54.0
10303,25993.0,12137.0,13856.0,6717.0,8970.0,7067.0,6824.0,84.0,2607.0,17467.0,29.6,5170.0,2220.0,13.1,291.0,81629773.5183,Staten Island,Staten Island,81.6297735183,31.517418814962667,318.4254822680944,42.7,8742.0,104.0,0.0,37.0
10304,45843.0,22019.0,23824.0,10431.2,15807.8,12802.0,19743.0,530.0,6090.0,31617.0,31.4,9928.0,4368.0,15.4,673.0,98226679.797,Staten Island,Staten Island,98.226679797,37.925517522981295,466.7061952490032,46.8,15900.0,120.0,4.0,55.0
10305,41714.0,20586.0,21128.0,7965.6,13365.4,12057.0,26964.0,248.0,8626.0,31274.0,31.9,9976.0,2917.0,21.8,636.0,111441829.317,Staten Island,Staten Island,111.441829317,43.02791318295233,374.3118742365861,53.7,15637.0,183.0,1.0,53.0
10306,57249.0,28292.0,28957.0,12764.8,18146.2,15669.0,39494.0,85.0,8985.0,40780.0,33.6,13702.0,4269.0,27.1,1157.0,174102872.047,Staten Island,Staten Island,174.10287204699998,67.22146710309079,328.8228351830137,60.7,19846.0,216.0,5.0,45.0
10307,14821.0,7770.0,7051.0,3486.6,4706.4,4327.0,12665.0,0.0,693.0,10140.0,39.5,4005.0,1228.0,44.8,550.0,46028382.6284,Staten Island,Staten Island,46.0283826284,17.771650589590497,321.9969756411837,84.3,5135.0,41.0,2.0,13.0
10308,29996.0,14354.0,15642.0,6171.6,9569.4,9264.0,24886.0,59.0,2256.0,21765.0,40.4,8793.0,2256.0,26.1,589.0,62751041.8152,Staten Island,Staten Island,62.7510418152,24.228302746932354,478.0159680589424,66.5,10323.0,58.0,1.0,17.0
10309,34918.0,17200.0,17718.0,7891.2,10757.8,10298.0,30698.0,33.0,1390.0,24801.0,39.9,9896.0,2353.0,29.4,692.0,215835793.513,Staten Island,Staten Island,215.835793513,83.33463154695633,161.78039532584225,69.3,12108.0,134.0,3.0,28.0
10310,25824.0,12438.0,13386.0,6887.8,8703.2,6850.0,12927.0,220.0,1338.0,17295.0,30.8,5327.0,1916.0,19.4,372.0,53463275.0023,Staten Island,Staten Island,53.4632750023,20.642277404938035,483.02315933487137,50.2,8982.0,136.0,0.0,40.0
10312,63345.0,30956.0,32389.0,15106.6,20401.4,16959.0,50048.0,33.0,5989.0,43322.0,40.9,17719.0,5303.0,30.0,1591.0,169087432.912,Staten Island,Staten Island,169.087432912,65.28499602218902,374.6286693758449,70.9,21366.0,169.0,3.0,31.0
10314,93539.0,45695.0,47844.0,20559.2,30634.8,24235.0,61357.0,659.0,17404.0,66392.0,37.3,24764.0,7743.0,27.7,2145.0,473985727.133,Staten Island,Staten Island,473.985727133,183.00683721750556,197.34560482609857,65.0,31419.0,320.0,0.0,66.0
10451,48975.0,22034.0,26941.0,11934.4,19150.6,10880.0,6413.0,273.0,557.0,33363.0,21.3,7106.0,4581.0,7.5,344.0,28944106.5181,Bronx,Bronx,28.9441065181,11.175377414851448,1692.0543036757351,28.8,21414.0,94.0,3.0,94.0
10452,76745.0,36593.0,40152.0,22506.8,27847.2,17933.0,8949.0,763.0,705.0,48761.0,14.3,6973.0,6814.0,5.5,375.0,27550385.8534,Bronx,Bronx,27.5503858534,10.637259078769446,2785.6234177035626,19.8,28397.0,68.0,6.0,124.0
10453,78270.0,35367.0,42903.0,21028.2,28693.8,20649.0,8812.0,1306.0,998.0,50649.0,14.5,7344.0,7516.0,9.8,737.0,25748509.2714,Bronx,Bronx,25.7485092714,9.941550926706082,3039.787631004251,24.3,28462.0,79.0,2.0,118.0
10454,40368.0,18645.0,21723.0,11047.4,15453.6,9216.0,4879.0,1044.0,243.0,25673.0,13.9,3569.0,4118.0,10.9,449.0,31063613.3255,Bronx,Bronx,31.0636133255,11.993723232202202,1299.5268636975359,24.8,14910.0,49.0,4.0,88.0
10455,42940.0,20148.0,22792.0,12376.8,16120.2,9344.0,3655.0,542.0,654.0,27010.0,16.1,4349.0,4554.0,8.9,405.0,19846918.841,Bronx,Bronx,19.846918840999997,7.662935058347781,2163.5600137233414,25.0,16366.0,57.0,4.0,90.0
10456,86958.0,40179.0,46779.0,24991.4,31485.6,20164.0,8911.0,1211.0,723.0,54317.0,14.0,7604.0,8602.0,7.2,619.0,29933452.4366,Bronx,Bronx,29.9334524366,11.557365852676131,2905.0441202590914,21.2,32601.0,84.0,1.0,171.0
10457,79375.0,36705.0,42670.0,23115.4,30993.6,17709.0,7143.0,904.0,573.0,49107.0,14.9,7317.0,7802.0,6.5,507.0,37640607.3796,Bronx,Bronx,37.640607379600006,14.53311379047832,2108.759808244186,21.4,26715.0,101.0,3.0,124.0
10458,78741.0,37447.0,41294.0,22225.6,31645.4,16615.0,8937.0,1371.0,3022.0,47734.0,16.1,7685.0,11328.0,7.2,816.0,35968812.9034,Bronx,Bronx,35.9688129034,13.887630599628547,2189.146475627971,23.3,28856.0,91.0,2.0,162.0
10459,49753.0,23625.0,26128.0,14606.2,17329.8,12085.0,3912.0,491.0,558.0,30929.0,13.8,4268.0,4960.0,11.2,556.0,22551940.5373,Bronx,Bronx,22.5519405373,8.707349345332606,2206.1516133261593,25.0,17919.0,93.0,6.0,111.0
10460,61101.0,29444.0,31657.0,16734.4,22682.6,14735.0,6553.0,685.0,610.0,39377.0,15.2,5985.0,5521.0,5.7,315.0,35155666.6459,Bronx,Bronx,35.155666645900006,13.573673203315284,1738.0128391655985,20.9,22734.0,91.0,3.0,110.0
10461,50900.0,24129.0,26771.0,11418.6,18365.4,13324.0,20438.0,480.0,6956.0,36094.0,27.4,9890.0,3770.0,17.6,664.0,62824057.5538,Bronx,Bronx,62.8240575538,24.25649426963729,810.1991813631471,45.0,19078.0,117.0,4.0,94.0
10462,75452.0,36926.0,38526.0,18526.4,28941.6,18042.0,11771.0,868.0,13732.0,51042.0,27.7,14139.0,6680.0,13.5,902.0,53022514.1123,Bronx,Bronx,53.0225141123,20.472098743787257,1423.0181511234089,41.2,29538.0,95.0,5.0,126.0
10463,69373.0,31426.0,37947.0,15615.4,21464.6,17876.0,26634.0,1119.0,2788.0,49501.0,43.9,21731.0,4510.0,28.7,1294.0,39823083.42155,Bronx,Bronx,39.823083421549995,15.375772155227295,1742.0298490111206,72.6,29575.0,91.0,4.0,74.0
10464,4273.0,2083.0,2190.0,610.8,746.2,1280.0,2849.0,0.0,91.0,3581.0,45.8,1640.0,137.0,0.0,0.0,92357969.30082,Bronx,Bronx,92.35796930082,35.6595966629852,46.265633949598566,45.8,2081.0,29.0,0.0,3.0
10465,46457.0,23200.0,23257.0,11369.8,15905.2,11600.0,20938.0,298.0,2676.0,31462.0,29.4,9250.0,4626.0,14.5,671.0,108423743.439,Bronx,Bronx,108.423743439,41.86262418928477,428.4762592257945,43.9,16221.0,135.0,0.0,29.0
10466,74061.0,33480.0,40581.0,19160.8,25033.2,18670.0,4418.0,745.0,1477.0,49752.0,25.9,12886.0,6031.0,14.5,874.0,55262490.6118,Bronx,Bronx,55.2624906118,21.3369581501972,1340.1676106177167,40.4,25262.0,85.0,4.0,81.0
10467,96304.0,45818.0,50486.0,23916.0,35006.0,24955.0,15203.0,1338.0,6267.0,65056.0,22.0,14312.0,8550.0,11.4,975.0,69336166.3722,Bronx,Bronx,69.3361663722,26.770832508639163,1388.9432461990375,33.4,38210.0,108.0,7.0,179.0
10468,79825.0,39027.0,40798.0,21287.4,30329.6,19046.0,8601.0,1220.0,1852.0,52437.0,15.6,8180.0,6825.0,8.7,594.0,34447604.6725,Bronx,Bronx,34.4476046725,13.300289059261594,2317.2873922268795,24.299999999999997,28608.0,90.0,6.0,93.0
10469,69855.0,32529.0,37326.0,16335.8,22781.2,18099.0,8760.0,453.0,4407.0,47945.0,29.1,13952.0,6169.0,13.3,820.0,68040887.07,Bronx,Bronx,68.04088707,26.27072257950114,1026.6620999243244,42.400000000000006,23582.0,116.0,3.0,71.0
10470,15558.0,7499.0,8059.0,2564.8,5928.2,3894.0,6499.0,187.0,410.0,12190.0,40.8,4974.0,931.0,28.5,265.0,21543461.5815,Bronx,Bronx,21.5434615815,8.317973603540313,722.1680666843303,69.3,6625.0,26.0,1.0,25.0
10471,23400.0,11056.0,12344.0,4945.2,6401.8,5541.0,13377.0,192.0,1069.0,16740.0,58.5,9793.0,2409.0,10.3,248.0,89651407.0575,Bronx,Bronx,89.65140705750001,34.61458756771487,261.01096199183877,68.8,9205.0,38.0,0.0,19.0
10472,63820.0,31689.0,32131.0,18082.0,24077.0,13563.0,4455.0,776.0,5164.0,40000.0,13.6,5440.0,6620.0,8.8,583.0,30963245.188,Bronx,Bronx,30.963245188,11.954970893577176,2061.1534615478176,22.4,21950.0,71.0,4.0,104.0
10473,59778.0,27527.0,32251.0,13661.4,19853.6,15312.0,7831.0,412.0,1454.0,40712.0,23.8,9689.0,6083.0,10.8,657.0,59522354.5398,Bronx,Bronx,59.522354539800006,22.981700132525862,1004.2949487159325,34.6,22734.0,88.0,0.0,52.0
10474,11188.0,5582.0,5606.0,3177.8,4904.2,2002.0,741.0,118.0,46.0,6842.0,15.0,1026.0,1234.0,22.5,278.0,40614090.1894,Bronx,Bronx,40.6140901894,15.68118145030772,275.47090056248487,37.5,3917.0,35.0,0.0,36.0
10475,42771.0,19601.0,23170.0,8201.6,13497.4,10695.0,3460.0,306.0,796.0,30825.0,27.6,8508.0,3902.0,19.2,749.0,38633296.936,Bronx,Bronx,38.633296935999994,14.91639321358347,1107.1019921197649,46.8,18692.0,69.0,0.0,19.0
11001,25714.0,12892.0,12822.0,5764.2,8158.8,7082.0,14226.0,151.0,6312.0,18123.0,53.4,9678.0,2146.0,22.4,481.0,9155180.26263,Queens,Floral Park,9.15518026263,3.5348334097619687,2808.683091141361,75.8,8508.0,14.0,0.0,0.0
11004,14296.0,6964.0,7332.0,2361.8,4380.2,3510.0,4097.0,0.0,7435.0,11393.0,44.0,5013.0,612.0,36.4,223.0,22606526.9139,Queens,Glen Oaks,22.6065269139,8.728425254510617,632.3837383092166,80.4,5093.0,34.0,0.0,14.0
11005,2195.0,802.0,1393.0,15.0,12.0,235.0,2102.0,29.0,64.0,2168.0,71.4,1548.0,12.0,0.0,0.0,9075527.40364,Queens,Floral Park,9.07552740364,3.5040792816002115,241.85922232129806,71.4,1535.0,0.0,0.0,2.0
11040,42344.0,20758.0,21586.0,8784.8,13147.2,11739.0,18307.0,338.0,18556.0,30332.0,56.1,17016.0,3564.0,34.9,1244.0,6269333.41234,Queens,New Hyde Park,6.26933341234,2.420602169171299,6754.147086300088,91.0,13884.0,10.0,0.0,0.0
11096,9897.0,5224.0,4673.0,2975.2,3487.8,2215.0,3699.0,26.0,822.0,6303.0,27.7,1746.0,803.0,5.9,47.0,1624420.03945,Queens,Inwood,1.62442003945,0.627191826071724,6092.635992936254,33.6,2553.0,0.0,0.0,0.0
11101,39007.0,19876.0,19131.0,5864.2,22737.8,7225.0,14613.0,261.0,12179.0,30609.0,65.4,20018.0,2710.0,50.6,1371.0,79311462.7741,Queens,Long Island City,79.31146277410001,30.62231440000556,491.82045867823973,116.0,19049.0,35.0,12.0,96.0
11102,28349.0,14117.0,14232.0,4184.8,14336.2,6181.0,14744.0,218.0,4449.0,22497.0,58.2,13093.0,1769.0,37.0,655.0,19116258.4366,Queens,Astoria,19.1162584366,7.380825614888133,1482.9784862985002,95.2,13176.0,1.0,2.0,43.0
11103,35357.0,17647.0,17710.0,4936.4,18111.6,8079.0,21137.0,124.0,4520.0,28416.0,52.4,14890.0,2249.0,40.3,906.0,20222394.6253,Queens,Astoria,20.2223946253,7.807907009617581,1748.4081709969832,92.69999999999999,16211.0,4.0,2.0,62.0
11104,26825.0,13050.0,13775.0,4706.8,11941.2,6653.0,11994.0,54.0,7601.0,20901.0,51.3,10722.0,1237.0,30.0,371.0,12084432.1157,Queens,Sunnyside,12.0844321157,4.665823408736001,2219.7981455122886,81.3,12234.0,12.0,2.0,42.0
11105,38507.0,19223.0,19284.0,6281.2,18522.8,8543.0,25080.0,312.0,4133.0,29964.0,54.6,16360.0,2553.0,26.8,684.0,48795608.0803,Queens,Astoria,48.795608080300006,18.840081871019994,789.1488909541067,81.4,16068.0,3.0,1.0,46.0
11106,40657.0,20053.0,20604.0,6482.2,19005.8,9470.0,19097.0,420.0,7534.0,31294.0,52.3,16367.0,3117.0,33.4,1041.0,23866112.7254,Queens,Astoria,23.8661127254,9.21475385550239,1703.5451255842747,85.69999999999999,18970.0,0.0,2.0,60.0
11109,7388.0,4020.0,3368.0,1394.8,4422.2,1200.0,4554.0,0.0,2059.0,5859.0,87.2,5109.0,121.0,100.0,121.0,231863.117494,Queens,Long Island City,0.231863117494,0.0895228133906684,31863.627470596664,187.2,3638.0,0.0,0.0,0.0
11201,69251.0,32265.0,36986.0,12304.8,34651.2,13625.0,41843.0,113.0,9950.0,52350.0,79.2,41461.0,5557.0,41.6,2312.0,41094887.0403,Brooklyn,Brooklyn,41.094887040299994,15.866818076033908,1685.1488101692191,120.80000000000001,33141.0,125.0,12.0,90.0
11203,76853.0,35157.0,41696.0,14882.0,25287.0,20479.0,4312.0,123.0,1352.0,57766.0,25.9,14961.0,4812.0,11.8,568.0,60644835.4564,Brooklyn,Brooklyn,60.6448354564,23.415092259386952,1267.2637236397927,37.7,30149.0,136.0,0.0,81.0
11204,81368.0,39681.0,41687.0,26404.4,24414.6,19174.0,44863.0,587.0,23781.0,49704.0,30.5,15160.0,5987.0,22.5,1347.0,43555184.6142,Brooklyn,Brooklyn,43.5551846142,16.816743889911848,1868.158767337015,53.0,25306.0,74.0,4.0,139.0
11205,50205.0,23282.0,26923.0,15821.0,21195.0,8531.0,27195.0,374.0,3381.0,29902.0,52.5,15699.0,5828.0,16.4,956.0,23159720.6632,Brooklyn,Brooklyn,23.1597206632,8.942014467502846,2167.7722598690066,68.9,17272.0,79.0,3.0,84.0
11206,89231.0,41993.0,47238.0,25180.4,38898.6,15478.0,37667.0,763.0,5891.0,55844.0,36.3,20271.0,9195.0,22.9,2106.0,40680014.9528,Brooklyn,Brooklyn,40.6800149528,15.706635133305983,2193.4849361174643,59.199999999999996,33696.0,131.0,9.0,124.0
11207,93445.0,41735.0,51710.0,21242.4,36049.6,22850.0,10443.0,267.0,1476.0,64067.0,19.4,12429.0,8945.0,14.6,1306.0,73742269.4034,Brooklyn,Brooklyn,73.7422694034,28.472037701191542,1267.1836757398678,34.0,35309.0,182.0,15.0,198.0
11208,106901.0,51834.0,55067.0,30061.6,37200.4,26561.0,11350.0,115.0,11220.0,69088.0,15.8,10916.0,9431.0,9.9,934.0,79294685.4617,Brooklyn,Brooklyn,79.29468546170001,30.6158366461333,1348.1483579581643,25.700000000000003,34486.0,151.0,7.0,163.0
11209,70756.0,34163.0,36593.0,14449.2,24296.8,17882.0,45955.0,896.0,9614.0,52678.0,52.8,27814.0,4036.0,25.4,1025.0,57842313.9593,Brooklyn,Brooklyn,57.84231395929999,22.33303310431365,1223.2567329478998,78.19999999999999,30376.0,163.0,3.0,105.0
11210,60398.0,30034.0,30364.0,14384.0,20489.0,14948.0,18556.0,148.0,3301.0,41573.0,39.3,16338.0,4903.0,16.5,809.0,47887022.9918,Brooklyn,Brooklyn,47.8870229918,18.48927535117997,1261.260279436087,55.8,21440.0,107.0,1.0,54.0
11211,65691.0,33199.0,32492.0,14046.8,35985.2,9981.0,41352.0,285.0,4580.0,46081.0,54.8,25252.0,6086.0,36.1,2197.0,58162525.353,Brooklyn,Brooklyn,58.162525353,22.456667363844005,1129.4385792451098,90.9,27497.0,147.0,6.0,150.0
11212,87946.0,37390.0,50556.0,22965.6,31397.4,21933.0,5860.0,218.0,993.0,58490.0,16.4,9592.0,7603.0,6.4,487.0,41972104.0712,Brooklyn,Brooklyn,41.9721040712,16.205513326098462,2095.3440849858634,22.799999999999997,32588.0,148.0,4.0,153.0
11213,69630.0,32557.0,37073.0,16829.2,27787.8,15533.0,17385.0,34.0,1179.0,46710.0,34.0,15881.0,6745.0,20.3,1369.0,29631004.4378,Brooklyn,Brooklyn,29.6310044378,11.440590075443456,2349.9034650061894,54.3,27060.0,92.0,3.0,86.0
11214,88994.0,43694.0,45300.0,20089.2,28781.8,23510.0,37446.0,864.0,33593.0,63263.0,32.4,20497.0,6372.0,17.6,1121.0,61096539.3863,Brooklyn,Brooklyn,61.096539386299995,23.5894960501292,1456.6127786274521,50.0,31006.0,141.0,5.0,161.0
11215,70922.0,35423.0,35499.0,15447.0,30535.0,16757.0,50513.0,298.0,6460.0,52975.0,80.2,42486.0,2605.0,41.0,1068.0,61922821.7464,Brooklyn,Brooklyn,61.9228217464,23.908525321928533,1145.3289433491166,121.2,29747.0,86.0,7.0,98.0
11216,59913.0,26620.0,33293.0,8611.2,31976.8,12192.0,18885.0,79.0,3057.0,47850.0,55.8,26700.0,3635.0,43.0,1563.0,26478229.2634,Brooklyn,Brooklyn,26.4782292634,10.223297275057266,2262.726838868179,98.8,26664.0,93.0,3.0,108.0
11217,42569.0,19711.0,22858.0,7691.4,21170.6,8651.0,22392.0,105.0,4028.0,33086.0,73.0,24153.0,1711.0,41.4,708.0,21648157.7324,Brooklyn,Brooklyn,21.6481577324,8.358396996795106,1966.4028933181942,114.4,19543.0,60.0,8.0,57.0
11218,71313.0,36111.0,35202.0,18755.2,24687.8,18074.0,37197.0,618.0,13344.0,48420.0,51.0,24694.0,4948.0,25.0,1237.0,36868798.99,Brooklyn,Brooklyn,36.86879899,14.23511702763698,1934.237131492739,76.0,26053.0,81.0,3.0,124.0
11219,94737.0,49087.0,45650.0,38941.4,30104.6,14860.0,58245.0,664.0,20090.0,48268.0,21.5,10378.0,8694.0,12.2,1061.0,42002738.4672,Brooklyn,Brooklyn,42.0027384672,16.217341327662854,2255.4957952082164,33.7,24476.0,73.0,7.0,156.0
11220,90792.0,45005.0,45787.0,23560.6,32773.4,21647.0,20328.0,1458.0,36377.0,61457.0,25.4,15610.0,6415.0,19.4,1245.0,47453785.7906,Brooklyn,Brooklyn,47.4537857906,18.32200160132224,1913.2720074355955,44.8,28336.0,88.0,5.0,221.0
11221,90750.0,42373.0,48377.0,16035.2,47155.8,18172.0,20702.0,795.0,5215.0,65891.0,42.0,27674.0,9405.0,29.7,2793.0,38580480.4348,Brooklyn,Brooklyn,38.5804804348,14.89600065683715,2352.2257622832126,71.7,36032.0,122.0,4.0,166.0
11222,41418.0,20130.0,21288.0,5376.6,24772.4,7433.0,29416.0,162.0,2422.0,33461.0,65.4,21883.0,2656.0,52.1,1384.0,42904553.7275,Brooklyn,Brooklyn,42.9045537275,16.565534003295205,965.3520757507102,117.5,20277.0,74.0,2.0,94.0
11223,78566.0,37766.0,40800.0,22400.4,25114.6,18622.0,41478.0,293.0,20502.0,50811.0,33.6,17072.0,5945.0,18.4,1094.0,58702923.4668,Brooklyn,Brooklyn,58.702923466799994,22.665316156378413,1338.3660533437276,52.0,26433.0,99.0,8.0,148.0
11224,48469.0,22090.0,26379.0,10914.0,12105.0,11779.0,24103.0,187.0,4123.0,34534.0,33.5,11569.0,3380.0,9.9,335.0,46701983.7555,Brooklyn,Brooklyn,46.7019837555,18.031729331966066,1037.8359997243565,43.4,19991.0,94.0,4.0,50.0
11225,56544.0,26777.0,29767.0,10085.0,23832.0,13595.0,16108.0,28.0,1723.0,42884.0,48.1,20627.0,3995.0,24.2,967.0,23698630.1254,Brooklyn,Brooklyn,23.6986301254,9.15008848867719,2385.9606948081187,72.3,24747.0,65.0,6.0,79.0
11226,100022.0,46690.0,53332.0,19172.0,43519.0,23564.0,15760.0,1108.0,4063.0,73768.0,36.2,26704.0,7775.0,17.5,1361.0,39408598.2793,Brooklyn,Brooklyn,39.408598279299994,15.215738612834286,2538.075556281284,53.7,39305.0,93.0,7.0,178.0
11228,42325.0,20952.0,21373.0,8131.6,13527.4,11804.0,21557.0,204.0,15485.0,31445.0,37.1,11666.0,3081.0,32.7,1007.0,43893024.7311,Brooklyn,Brooklyn,43.8930247311,16.947184634727172,964.2762206362828,69.80000000000001,15105.0,84.0,1.0,61.0
11229,79802.0,38753.0,41049.0,18511.6,23470.4,20865.0,48542.0,86.0,17803.0,57192.0,41.3,23620.0,4662.0,18.6,867.0,60119326.147,Brooklyn,Brooklyn,60.119326147,23.212192064008995,1327.3934542259033,59.9,30924.0,126.0,3.0,130.0
11230,88252.0,43740.0,44512.0,24591.6,28989.4,18860.0,53196.0,646.0,14698.0,58329.0,43.7,25490.0,6108.0,15.8,965.0,49926703.3932,Brooklyn,Brooklyn,49.9267033932,19.276800033521308,1767.6312274208733,59.5,31802.0,91.0,6.0,122.0
11231,39704.0,18618.0,21086.0,9632.0,15787.0,9942.0,25607.0,74.0,1956.0,28376.0,69.1,19608.0,1774.0,12.6,224.0,40081670.758287,Brooklyn,Brooklyn,40.081670758287,15.475613243116126,990.5774696727453,81.69999999999999,16810.0,52.0,1.0,66.0
11232,26681.0,14669.0,12012.0,5284.2,12106.8,6801.0,9232.0,1049.0,4002.0,19667.0,36.2,7119.0,2063.0,11.1,229.0,55879065.1487,Brooklyn,Brooklyn,55.8790651487,21.575018812043368,477.4775656858089,47.300000000000004,9336.0,48.0,2.0,83.0
11233,82711.0,38328.0,44383.0,17446.6,34718.4,20347.0,11722.0,327.0,1280.0,57837.0,32.5,18797.0,7875.0,26.6,2095.0,37871693.6822,Brooklyn,Brooklyn,37.8716936822,14.622336674084783,2183.979430496789,59.1,32784.0,142.0,4.0,112.0
11234,87778.0,40562.0,47216.0,18999.8,26658.2,23882.0,31896.0,432.0,7205.0,62972.0,38.8,24433.0,6507.0,16.6,1080.0,206201040.079,Brooklyn,Brooklyn,206.201040079,79.61463397658206,425.69135425490765,55.4,32178.0,198.0,0.0,76.0
11235,81958.0,38930.0,43028.0,14488.6,24372.4,22264.0,56257.0,189.0,12036.0,63022.0,49.6,31259.0,5020.0,18.2,914.0,69053803.0316,Brooklyn,Brooklyn,69.0538030316,26.661811458106826,1186.871633449281,67.8,35333.0,135.0,2.0,131.0
11236,95174.0,43576.0,51598.0,21011.6,31903.4,24814.0,4638.0,86.0,2286.0,67475.0,28.5,19230.0,7534.0,13.9,1047.0,96373991.6197,Brooklyn,Brooklyn,96.3739916197,37.21019091234941,987.5485948072455,42.4,33318.0,176.0,2.0,95.0
11237,45233.0,23215.0,22018.0,6843.4,25194.6,8661.0,14395.0,1100.0,3084.0,33975.0,41.4,14066.0,4804.0,34.8,1672.0,27373778.4839,Brooklyn,Brooklyn,27.3737784839,10.569070620190756,1652.4207656098326,76.19999999999999,17723.0,61.0,4.0,124.0
11238,58462.0,26369.0,32093.0,10089.4,28686.6,12579.0,29245.0,252.0,4106.0,46155.0,71.2,32862.0,2143.0,36.7,786.0,29429423.4614,Brooklyn,Brooklyn,29.4294234614,11.362759257293462,1986.5153008070135,107.9,27371.0,113.0,7.0,84.0
11239,16047.0,6306.0,9741.0,3124.2,4397.8,3638.0,2590.0,429.0,478.0,12088.0,22.1,2671.0,1057.0,5.9,62.0,41794660.7681,Brooklyn,Brooklyn,41.7946607681,16.137002111884946,383.9485643641821,28.0,8320.0,21.0,0.0,10.0
11251,,,,,,,,,,,,,,,,10379321.962,Brooklyn,Brooklyn,10.379321962,4.007476968172123,,,,5.0,0.0,0.0
11354,52325.0,25117.0,27208.0,7462.8,16039.2,16131.0,8894.0,152.0,33855.0,42188.0,32.9,13880.0,3028.0,21.2,642.0,61985147.4503,Queens,Flushing,61.9851474503,23.93258940085573,844.1538360774966,54.099999999999994,21275.0,103.0,1.0,61.0
11355,79802.0,38352.0,41450.0,13192.6,24845.4,23994.0,6736.0,234.0,59546.0,63003.0,23.6,14869.0,4094.0,22.5,921.0,49383079.0839,Queens,Flushing,49.3830790839,19.066905600451957,1615.9786202156288,46.1,30651.0,102.0,0.0,69.0
11356,26956.0,13515.0,13441.0,6422.2,8961.8,6697.0,6063.0,20.0,9503.0,18608.0,25.0,4652.0,2174.0,21.4,465.0,43321159.2727,Queens,College Point,43.321159272699994,16.726386237508013,622.23634945492,46.4,8372.0,33.0,0.0,31.0
11357,42341.0,19600.0,22741.0,8529.4,10635.6,12265.0,24702.0,562.0,10683.0,31776.0,37.9,12043.0,2344.0,26.2,614.0,77359110.6086,Queens,Whitestone,77.3591106086,29.86850732420168,547.3304910939986,64.1,15755.0,114.0,0.0,31.0
11358,36496.0,17982.0,18514.0,7111.8,11516.2,10532.0,11513.0,182.0,17961.0,27630.0,37.3,10306.0,1951.0,28.4,554.0,54622541.0856,Queens,Flushing,54.622541085600005,21.089872358232338,668.1490694987338,65.69999999999999,13209.0,125.0,0.0,40.0
11359,0.0,0.0,0.0,0.0,0.0,0.0,0.0,0.0,0.0,0.0,,,0.0,,,6567982.08563,Queens,Bayside,6.56798208563,2.535911019225914,0.0,,0.0,2.0,0.0,0.0
11360,19510.0,9234.0,10276.0,2954.0,4930.0,5647.0,11055.0,148.0,5810.0,15643.0,49.2,7696.0,969.0,41.2,399.0,38834824.1716,Queens,Bayside,38.8348241716,14.994203282303102,502.38414660488434,90.4,8822.0,51.0,0.0,5.0
11361,30402.0,13974.0,16428.0,6226.0,9820.0,8498.0,12630.0,100.0,12696.0,22559.0,48.1,10851.0,1743.0,32.7,570.0,50163518.2437,Queens,Bayside,50.1635182437,19.368234720929056,606.0579693055753,80.80000000000001,11229.0,77.0,0.0,20.0
11362,18156.0,8739.0,9417.0,2900.0,4855.0,5483.0,7235.0,0.0,8798.0,14414.0,52.2,7524.0,958.0,32.8,314.0,54680551.2195,Queens,Little Neck,54.6805512195,21.11227018695139,332.0376184050841,85.0,7093.0,47.0,0.0,14.0
11363,7515.0,3558.0,3957.0,1512.8,1896.2,2175.0,4266.0,82.0,2175.0,5690.0,54.9,3124.0,300.0,46.7,140.0,24242790.0243,Queens,Little Neck,24.242790024300003,9.36018971396228,309.9890727291399,101.6,2890.0,15.0,0.0,2.0
11364,36417.0,17552.0,18865.0,7462.4,10139.6,10950.0,11649.0,360.0,18456.0,27005.0,48.7,13151.0,1995.0,28.1,561.0,84259665.0533,Queens,Oakland Gardens,84.2596650533,32.532825196409235,432.1996767606868,76.80000000000001,13753.0,91.0,0.0,15.0
11365,43258.0,20808.0,22450.0,9155.2,12986.8,12962.0,10702.0,151.0,18762.0,31784.0,38.8,12332.0,2684.0,25.5,684.0,69385865.5943,Queens,Fresh Meadows,69.3858655943,26.79002147769042,623.4410946593944,64.3,16024.0,77.0,0.0,23.0
11366,12967.0,6641.0,6326.0,2392.6,4449.4,3454.0,4183.0,0.0,5695.0,9657.0,52.0,5022.0,942.0,27.5,259.0,20358592.7502,Queens,Fresh Meadows,20.3585927502,7.86049337803772,636.9300746424437,79.5,4518.0,35.0,0.0,21.0
11367,42210.0,19422.0,22788.0,11125.4,13691.6,9946.0,19206.0,412.0,10679.0,27652.0,45.7,12637.0,4388.0,15.5,680.0,72810151.5885,Queens,Flushing,72.81015158849999,28.112145148623025,579.7268523564901,61.2,14716.0,47.0,0.0,33.0
11368,107060.0,55585.0,51475.0,27465.0,41645.0,25101.0,16774.0,1570.0,13101.0,72070.0,14.4,10378.0,8650.0,9.8,848.0,72489663.2825,Queens,Corona,72.4896632825,27.988403972699818,1476.9002248331003,24.200000000000003,29859.0,46.0,3.0,176.0
11369,33354.0,17468.0,15886.0,6972.8,11936.2,8990.0,4233.0,281.0,4720.0,23969.0,23.7,5681.0,2716.0,15.8,429.0,30060493.2465,Queens,East Elmhurst,30.0604932465,11.606416563460144,1109.5626318068973,39.5,10131.0,21.0,0.0,26.0
11370,28762.0,15761.0,13001.0,5253.0,11653.0,8068.0,9858.0,386.0,7229.0,21462.0,24.8,5323.0,2426.0,23.9,580.0,41790436.6752,Queens,East Elmhurst,41.7904366752,16.13537118116807,688.2435860515533,48.7,8764.0,8.0,0.0,13.0
11371,0.0,0.0,0.0,0.0,0.0,0.0,0.0,0.0,0.0,0.0,,,0.0,,,30558474.9085,Queens,Flushing,30.5584749085,11.798688279121668,0.0,,0.0,18.0,0.0,0.0
11372,66995.0,34753.0,32242.0,12880.8,23233.2,19794.0,20478.0,526.0,13919.0,50623.0,35.1,17769.0,3869.0,20.1,778.0,20163283.8744,Queens,Jackson Heights,20.1632838744,7.785084230473589,3322.6234584267872,55.2,25384.0,15.0,4.0,107.0
11373,99433.0,49931.0,49502.0,21588.2,38206.8,26146.0,9152.0,693.0,47837.0,71522.0,29.6,21171.0,7264.0,15.5,1126.0,42659399.8982,Queens,Elmhurst,42.6593998982,16.470879619494816,2330.8579173003213,45.1,32373.0,41.0,4.0,99.0
11374,46128.0,22252.0,23876.0,9307.0,15861.0,11313.0,19584.0,76.0,13685.0,34559.0,50.7,17521.0,2489.0,25.8,642.0,25203458.8689,Queens,Rego Park,25.2034588689,9.731105876200028,1830.2249798308437,76.5,19503.0,9.0,1.0,40.0
11375,75320.0,36029.0,39291.0,14639.4,23517.6,22074.0,38374.0,188.0,21118.0,58054.0,60.6,35181.0,3060.0,32.3,988.0,55587771.835,Queens,Forest Hills,55.587771835,21.46254988103717,1354.9742598708715,92.9,33217.0,22.0,3.0,60.0
11377,83545.0,41387.0,42158.0,15438.0,32698.0,21854.0,24765.0,631.0,30248.0,64044.0,33.1,21199.0,4583.0,19.8,907.0,71832387.4936,Queens,Woodside,71.8323874936,27.734628476053945,1163.0547572631294,52.900000000000006,33371.0,32.0,5.0,106.0
11378,37828.0,18805.0,19023.0,8825.0,11705.0,11704.0,21357.0,376.0,5611.0,26304.0,26.2,6892.0,3001.0,17.9,537.0,66342001.4603,Queens,Maspeth,66.3420014603,25.61477944782475,570.196846150878,44.099999999999994,13013.0,64.0,0.0,51.0
11379,37378.0,18204.0,19174.0,7073.0,10692.0,11192.0,24758.0,54.0,4279.0,28267.0,35.1,9922.0,2370.0,24.7,585.0,57537331.4936,Queens,Middle Village,57.5373314936,22.215278764341942,649.6304056811817,59.8,13897.0,28.0,1.0,37.0
11385,103865.0,51143.0,52722.0,21365.0,44437.0,25278.0,55544.0,747.0,7205.0,74152.0,34.1,25286.0,9452.0,21.2,2004.0,125023075.272,Queens,Ridgewood,125.023075272,48.27165940866974,830.7666386707532,55.3,37586.0,203.0,6.0,172.0
11411,20501.0,9069.0,11432.0,3615.8,6137.2,6025.0,663.0,0.0,451.0,15593.0,35.5,5536.0,1424.0,16.4,234.0,35889597.3838,Queens,Cambria Heights,35.8895973838,13.857045329079948,571.2240173876631,51.9,6518.0,67.0,0.0,14.0
11412,41350.0,18483.0,22867.0,8777.6,14278.4,11783.0,639.0,211.0,1748.0,29265.0,25.2,7375.0,3601.0,12.0,432.0,46687803.7023,Queens,Saint Albans,46.687803702299995,18.02625438506543,885.6702761959857,37.2,12095.0,109.0,0.0,41.0
11413,45072.0,19957.0,25115.0,9867.6,15892.4,12740.0,737.0,109.0,703.0,31554.0,29.5,9308.0,4113.0,8.0,329.0,85392925.3608,Queens,Springfield Gardens,85.39292536079999,32.9703792676556,527.818900799603,37.5,13712.0,67.0,0.0,30.0
11414,31090.0,15267.0,15823.0,7497.2,8010.8,7877.0,20701.0,71.0,1485.0,22530.0,31.3,7052.0,1358.0,9.9,134.0,63974665.2952,Queens,Howard Beach,63.9746652952,24.70074621980731,485.9736249738953,41.2,11523.0,2.0,1.0,20.0
11415,21379.0,10905.0,10474.0,4412.2,8124.8,5365.0,10329.0,211.0,4357.0,15761.0,52.9,8338.0,1350.0,25.2,340.0,16802279.5098,Queens,Kew Gardens,16.802279509799998,6.487393723292799,1272.386879859403,78.1,8967.0,13.0,2.0,18.0
11416,26660.0,13555.0,13105.0,6040.6,9362.4,7585.0,4601.0,153.0,8715.0,18547.0,24.8,4600.0,2406.0,19.0,457.0,18854849.8011,Queens,Ozone Park,18.8548498011,7.279895217904313,1413.959818361674,43.8,7501.0,16.0,0.0,34.0
11417,30091.0,14437.0,15654.0,7060.6,10065.4,8260.0,7645.0,546.0,8849.0,20880.0,24.7,5157.0,2466.0,22.9,565.0,31099087.1084,Queens,Ozone Park,31.0990871084,12.007419730727456,967.5846720231311,47.599999999999994,9371.0,0.0,3.0,36.0
11418,36304.0,18239.0,18065.0,8415.0,12021.0,9926.0,8341.0,513.0,8714.0,25171.0,32.4,8155.0,3139.0,19.9,625.0,32025130.9227,Queens,Richmond Hill,32.0251309227,12.364967099516315,1133.6097294224348,52.3,11608.0,66.0,4.0,59.0
11419,46938.0,24125.0,22813.0,8437.8,16587.2,13604.0,2618.0,1181.0,16158.0,34825.0,20.7,7209.0,4222.0,18.2,768.0,31278858.1025,Queens,South Richmond Hill,31.2788581025,12.076829671091454,1500.6302290890992,38.9,13020.0,11.0,2.0,76.0
11420,50060.0,25941.0,24119.0,9966.6,17298.4,15435.0,3505.0,1069.0,17081.0,36016.0,21.8,7851.0,4601.0,16.0,736.0,61879568.3726,Queens,South Ozone Park,61.8795683726,23.891825107797604,808.9907754134618,37.8,13975.0,0.0,2.0,45.0
11421,41937.0,21161.0,20776.0,8920.2,15377.8,12014.0,9471.0,247.0,8567.0,29452.0,26.0,7658.0,3945.0,22.0,868.0,24314441.7637,Queens,Woodhaven,24.3144417637,9.387854593848097,1724.7774144915563,48.0,11986.0,36.0,3.0,49.0
11422,33085.0,15482.0,17603.0,6644.4,11383.6,9211.0,2352.0,0.0,655.0,24045.0,33.3,8007.0,2612.0,13.6,355.0,60091178.9547,Queens,Rosedale,60.0911789547,23.20132437676758,550.5799782184549,46.9,10341.0,59.0,0.0,21.0
11423,29105.0,14096.0,15009.0,5453.4,9419.6,8524.0,3140.0,175.0,8961.0,21382.0,34.3,7334.0,2446.0,12.6,308.0,45095032.1013,Queens,Hollis,45.0950321013,17.411282084376133,645.4147750603544,46.9,9824.0,59.0,0.0,25.0
11426,19638.0,10007.0,9631.0,3811.0,5820.0,5321.0,4838.0,0.0,9857.0,14639.0,43.8,6412.0,1347.0,29.8,401.0,49418364.0577,Queens,Bellerose,49.4183640577,19.080529199406087,397.38264053158497,73.6,6379.0,65.0,0.0,14.0
11427,25124.0,12192.0,12932.0,4624.4,7522.6,7282.0,4210.0,22.0,9404.0,19025.0,35.7,6792.0,1639.0,17.8,292.0,39568339.2748,Queens,Queens Village,39.5683392748,15.27741493067883,634.952097067182,53.5,8121.0,59.0,0.0,10.0
11428,18898.0,9517.0,9381.0,3151.0,5906.0,5640.0,1887.0,60.0,6164.0,13950.0,27.7,3864.0,1948.0,23.8,464.0,21985773.4995,Queens,Queens Village,21.9857734995,8.488751119703949,859.555839617368,51.5,6022.0,40.0,0.0,25.0
11429,27933.0,13053.0,14880.0,5232.2,9436.8,7963.0,1230.0,244.0,1869.0,20111.0,26.8,5390.0,2787.0,8.2,229.0,39559398.2844,Queens,Queens Village,39.5593982844,15.27396279640341,706.1027520991189,35.0,8227.0,71.0,0.0,23.0
11430,448.0,224.0,224.0,87.0,283.0,69.0,221.0,0.0,9.0,334.0,5.4,18.0,27.0,0.0,0.0,199913664.291,Queens,Jamaica,199.913664291,77.18706561008368,2.2409673775369274,5.4,0.0,29.0,0.0,0.0
11432,63730.0,31636.0,32094.0,14215.8,21947.2,16304.0,8839.0,542.0,26934.0,44034.0,35.7,15720.0,6070.0,23.9,1451.0,60177575.638,Queens,Jamaica,60.17757563799999,23.234682308983075,1059.032360880899,59.6,20404.0,102.0,3.0,80.0
11433,37777.0,17707.0,20070.0,10110.2,13401.8,9093.0,1003.0,561.0,6562.0,24649.0,19.1,4708.0,3601.0,10.0,360.0,47739432.5954,Queens,Jamaica,47.7394325954,18.43229040394913,791.3164850568429,29.1,10965.0,93.0,1.0,33.0
11434,67611.0,30380.0,37231.0,15481.6,22754.4,18674.0,2318.0,189.0,2393.0,47408.0,22.2,10525.0,5502.0,11.8,649.0,87379704.1564,Queens,Jamaica,87.3797041564,33.73747853419435,773.7609168255342,34.0,22737.0,89.0,0.0,70.0
11435,58424.0,29514.0,28910.0,13261.2,21738.8,15205.0,8266.0,428.0,13343.0,41075.0,32.4,13308.0,4684.0,11.8,553.0,42105899.157,Queens,Jamaica,42.105899157,16.25717187631601,1387.5490411012195,44.2,19928.0,59.0,2.0,88.0
11436,21364.0,10123.0,11241.0,4628.2,7894.8,5859.0,394.0,100.0,1406.0,14799.0,22.2,3285.0,2234.0,14.1,315.0,22699295.4596,Queens,Jamaica,22.6992954596,8.76424337554248,941.1745857056866,36.3,6289.0,1.0,0.0,13.0
11451,0.0,0.0,0.0,0.0,0.0,0.0,0.0,0.0,0.0,0.0,,,0.0,,,487599.726799,Queens,Jamaica,0.487599726799,0.1882632297165475,0.0,,0.0,0.0,0.0,0.0
11691,68704.0,32729.0,35975.0,20383.4,20710.6,16577.0,19256.0,411.0,2844.0,43508.0,23.3,10137.0,5717.0,13.3,760.0,83927815.1145,Queens,Far Rockaway,83.9278151145,32.404697271338684,818.6082278714077,36.6,22382.0,0.0,4.0,49.0
11692,23247.0,11041.0,12206.0,6934.0,7430.0,5778.0,3769.0,65.0,1301.0,14785.0,26.5,3918.0,1795.0,8.5,153.0,23992395.3816,Queens,Arverne,23.9923953816,9.263511841626524,968.9320149262106,35.0,7981.0,0.0,2.0,8.0
11693,13066.0,5493.0,7573.0,2972.0,3568.0,3815.0,6668.0,19.0,603.0,9343.0,35.7,3335.0,838.0,18.4,154.0,63767758.63626,Queens,Far Rockaway,63.767758636260005,24.62085914497726,204.89978445894965,54.1,5405.0,0.0,2.0,13.0
11694,21430.0,10315.0,11115.0,5171.4,5872.6,5943.0,16544.0,26.0,389.0,15451.0,43.3,6690.0,1056.0,14.8,156.0,48101606.6125,Queens,Rockaway Park,48.1016066125,18.572126516299473,445.5152646487916,58.099999999999994,8046.0,0.0,3.0,20.0
11697,4123.0,1933.0,2190.0,759.6,1082.4,1316.0,4050.0,0.0,27.0,3078.0,51.9,1597.0,314.0,29.6,93.0,59789760.6207,Queens,Breezy Point,59.7897606207,23.084946155173512,68.95829582185287,81.5,1668.0,0.0,0.0,1.0
