geography,population,is_zipcode
New York,19571216.0,False
06390,53.0,True
10001,29079.0,True
10002,75517.0,True
10003,53825.0,True
10004,3875.0,True
10005,9238.0,True
10006,4475.0,True
10007,7802.0,True
10009,58341.0,True
10010,31905.0,True
10011,49344.0,True
10012,21846.0,True
10013,28215.0,True
10014,29772.0,True
10016,54297.0,True
10017,14985.0,True
10018,8764.0,True
10019,44276.0,True
10020,0.0,True
10021,39479.0,True
10022,34340.0,True
10023,67468.0,True
10024,62576.0,True
10025,93223.0,True
10026,37113.0,True
10027,65068.0,True
10028,45679.0,True
10029,74848.0,True
10030,30781.0,True
10031,60305.0,True
10032,55579.0,True
10033,53611.0,True
10034,39037.0,True
10035,39082.0,True
10036,30589.0,True
10037,18333.0,True
10038,23342.0,True
10039,30512.0,True
10040,41581.0,True
10044,11998.0,True
10065,31047.0,True
10069,6669.0,True
10075,23865.0,True
10103,0.0,True
10110,0.0,True
10111,0.0,True
10112,0.0,True
10115,0.0,True
10119,0.0,True
10128,59000.0,True
10152,0.0,True
10153,0.0,True
10154,0.0,True
10162,1769.0,True
10165,0.0,True
10167,0.0,True
10168,0.0,True
10169,0.0,True
10170,0.0,True
10171,0.0,True
10172,0.0,True
10173,0.0,True
10174,0.0,True
10177,0.0,True
10199,0.0,True
10271,0.0,True
10278,0.0,True
10279,181.0,True
10280,8668.0,True
10282,5960.0,True
10301,39799.0,True
10302,19693.0,True
10303,25993.0,True
10304,45843.0,True
10305,41714.0,True
10306,57249.0,True
10307,14821.0,True
10308,29996.0,True
10309,34918.0,True
10310,25824.0,True
10311,0.0,True
10312,63345.0,True
10314,93539.0,True
10451,48975.0,True
10452,76745.0,True
10453,78270.0,True
10454,40368.0,True
10455,42940.0,True
10456,86958.0,True
10457,79375.0,True
10458,78741.0,True
10459,49753.0,True
10460,61101.0,True
10461,50900.0,True
10462,75452.0,True
10463,69373.0,True
10464,4273.0,True
10465,46457.0,True
10466,74061.0,True
10467,96304.0,True
10468,79825.0,True
10469,69855.0,True
10470,15558.0,True
10471,23400.0,True
10472,63820.0,True
10473,59778.0,True
10474,11188.0,True
10475,42771.0,True
10501,1426.0,True
10502,5875.0,True
10503,127.0,True
10504,7853.0,True
10505,1295.0,True
10506,6246.0,True
10507,6044.0,True
10509,20055.0,True
10510,10027.0,True
10511,2296.0,True
10512,24238.0,True
10514,12227.0,True
10516,5607.0,True
10517,551.0,True
10518,789.0,True
10519,188.0,True
10520,12208.0,True
10522,11464.0,True
10523,9773.0,True
10524,4298.0,True
10526,2040.0,True
10527,587.0,True
10528,13822.0,True
10530,13955.0,True
10532,5253.0,True
10533,7337.0,True
10535,323.0,True
10536,11010.0,True
10537,2418.0,True
10538,17709.0,True
10540,114.0,True
10541,26137.0,True
10542,0.0,True
10543,21022.0,True
10545,182.0,True
10546,1229.0,True
10547,7361.0,True
10548,4302.0,True
10549,15858.0,True
10550,40072.0,True
10552,21499.0,True
10553,10815.0,True
10560,4914.0,True
10562,33700.0,True
10566,25484.0,True
10567,20260.0,True
10570,13391.0,True
10573,40982.0,True
10576,4904.0,True
10577,5901.0,True
10578,1851.0,True
10579,8825.0,True
10580,18073.0,True
10583,40612.0,True
10588,3081.0,True
10589,7266.0,True
10590,7314.0,True
10591,23663.0,True
10594,5512.0,True
10595,7180.0,True
10596,657.0,True
10597,652.0,True
10598,28894.0,True
10601,10860.0,True
10603,19201.0,True
10604,12192.0,True
10605,19371.0,True
10606,17556.0,True
10607,6222.0,True
10701,70054.0,True
10703,22135.0,True
10704,31844.0,True
10705,40390.0,True
10706,9119.0,True
10707,9755.0,True
10708,21946.0,True
10709,10274.0,True
10710,25684.0,True
10801,41984.0,True
10803,13096.0,True
10804,15228.0,True
10805,21230.0,True
10901,26224.0,True
10910,0.0,True
10911,18.0,True
10913,5333.0,True
10914,691.0,True
10915,0.0,True
10916,4531.0,True
10917,1575.0,True
10918,11937.0,True
10919,1383.0,True
10920,8493.0,True
10921,4358.0,True
10922,1072.0,True
10923,9188.0,True
10924,13612.0,True
10925,4440.0,True
10926,3741.0,True
10927,12273.0,True
10928,5273.0,True
10930,10342.0,True
10931,1170.0,True
10932,14.0,True
10933,312.0,True
10940,53099.0,True
10941,14761.0,True
10950,65391.0,True
10952,47169.0,True
10953,0.0,True
10954,27474.0,True
10956,31420.0,True
10958,2717.0,True
10960,15277.0,True
10962,4921.0,True
10963,3940.0,True
10964,1395.0,True
10965,15526.0,True
10968,2406.0,True
10969,1333.0,True
10970,11636.0,True
10973,2300.0,True
10974,3324.0,True
10975,254.0,True
10976,2215.0,True
10977,71465.0,True
10979,84.0,True
10980,13793.0,True
10983,5489.0,True
10984,2760.0,True
10985,18.0,True
10986,1402.0,True
10987,4041.0,True
10988,684.0,True
10989,8410.0,True
10990,20370.0,True
10992,10412.0,True
10993,4230.0,True
10994,5925.0,True
10996,6549.0,True
10998,3676.0,True
11001,25714.0,True
11003,44716.0,True
11004,14296.0,True
11005,2195.0,True
11010,25618.0,True
11020,5986.0,True
11021,19474.0,True
11023,9824.0,True
11024,8821.0,True
11030,17703.0,True
11040,42344.0,True
11042,232.0,True
11050,32657.0,True
11096,9897.0,True
11101,39007.0,True
11102,28349.0,True
11103,35357.0,True
11104,26825.0,True
11105,38507.0,True
11106,40657.0,True
11109,7388.0,True
11201,69251.0,True
11203,76853.0,True
11204,81368.0,True
11205,50205.0,True
11206,89231.0,True
11207,93445.0,True
11208,106901.0,True
11209,70756.0,True
11210,60398.0,True
11211,65691.0,True
11212,87946.0,True
11213,69630.0,True
11214,88994.0,True
11215,70922.0,True
11216,59913.0,True
11217,42569.0,True
11218,71313.0,True
11219,94737.0,True
11220,90792.0,True
11221,90750.0,True
11222,41418.0,True
11223,78566.0,True
11224,48469.0,True
11225,56544.0,True
11226,100022.0,True
11228,42325.0,True
11229,79802.0,True
11230,88252.0,True
11231,39704.0,True
11232,26681.0,True
11233,82711.0,True
11234,87778.0,True
11235,81958.0,True
11236,95174.0,True
11237,45233.0,True
11238,58462.0,True
11239,16047.0,True
11249,45353.0,True
11354,52325.0,True
11355,79802.0,True
11356,26956.0,True
11357,42341.0,True
11358,36496.0,True
11359,0.0,True
11360,19510.0,True
11361,30402.0,True
11362,18156.0,True
11363,7515.0,True
11364,36417.0,True
11365,43258.0,True
11366,12967.0,True
11367,42210.0,True
11368,107060.0,True
11369,33354.0,True
11370,28762.0,True
11371,0.0,True
11372,66995.0,True
11373,99433.0,True
11374,46128.0,True
11375,75320.0,True
11377,83545.0,True
11378,37828.0,True
11379,37378.0,True
11385,103865.0,True
11411,20501.0,True
11412,41350.0,True
11413,45072.0,True
11414,31090.0,True
11415,21379.0,True
11416,26660.0,True
11417,30091.0,True
11418,36304.0,True
11419,46938.0,True
11420,50060.0,True
11421,41937.0,True
11422,33085.0,True
11423,29105.0,True
11424,0.0,True
11426,19638.0,True
11427,25124.0,True
11428,18898.0,True
11429,27933.0,True
11430,448.0,True
11432,63730.0,True
11433,37777.0,True
11434,67611.0,True
11435,58424.0,True
11436,21364.0,True
11439,2171.0,True
11451,0.0,True
11501,21590.0,True
11507,6581.0,True
11509,1747.0,True
11510,34814.0,True
11514,4421.0,True
11516,8733.0,True
11518,10390.0,True
11520,44873.0,True
11530,28041.0,True
11542,29020.0,True
11545,11963.0,True
11547,788.0,True
11548,2171.0,True
11549,2420.0,True
11550,60658.0,True
11552,26053.0,True
11553,28344.0,True
11554,35806.0,True
11556,0.0,True
11557,8503.0,True
11558,8532.0,True
11559,9130.0,True
11560,6951.0,True
11561,38847.0,True
11563,22558.0,True
11565,8908.0,True
11566,35172.0,True
11568,4198.0,True
11569,996.0,True
11570,28162.0,True
11572,30627.0,True
11575,19430.0,True
11576,12796.0,True
11577,12771.0,True
11579,5037.0,True
11580,42644.0,True
11581,22652.0,True
11590,48243.0,True
11596,10378.0,True
11598,14316.0,True
11691,68704.0,True
11692,23247.0,True
11693,13066.0,True
11694,21430.0,True
11697,4123.0,True
11701,28174.0,True
11702,14002.0,True
11703,17205.0,True
11704,40285.0,True
11705,8256.0,True
11706,68648.0,True
11709,6744.0,True
11710,34459.0,True
11713,9236.0,True
11714,22475.0,True
11715,3796.0,True
11716,9750.0,True
11717,,True
11718,3185.0,True
11719,3300.0,True
11720,28669.0,True
11721,6620.0,True
11722,38443.0,True
11724,2956.0,True
11725,29050.0,True
11726,21940.0,True
11727,29393.0,True
11729,26647.0,True
11730,14376.0,True
11731,29891.0,True
11732,3546.0,True
11733,17403.0,True
11735,32778.0,True
11738,20246.0,True
11739,1191.0,True
11740,10699.0,True
11741,26356.0,True
11742,13194.0,True
11743,42423.0,True
11746,66883.0,True
11747,19826.0,True
11749,3581.0,True
11751,13152.0,True
11752,8990.0,True
11753,12729.0,True
11754,17660.0,True
11755,11953.0,True
11756,42553.0,True
11757,44571.0,True
11758,54741.0,True
11762,22447.0,True
11763,30235.0,True
11764,12530.0,True
11765,808.0,True
11766,11481.0,True
11767,14495.0,True
11768,21908.0,True
11769,9031.0,True
11770,124.0,True
11771,10173.0,True
11772,45006.0,True
11776,23629.0,True
11777,9347.0,True
11778,12919.0,True
11779,38273.0,True
11780,15586.0,True
11782,14537.0,True
11783,21588.0,True
11784,25986.0,True
11786,6348.0,True
11787,34656.0,True
11788,17092.0,True
11789,7447.0,True
11790,19934.0,True
11791,25194.0,True
11792,8562.0,True
11793,31497.0,True
11794,1519.0,True
11795,25063.0,True
11796,3715.0,True
11797,9338.0,True
11798,,True
11801,41792.0,True
11803,30219.0,True
11804,4613.0,True
11901,32921.0,True
11930,689.0,True
11931,24.0,True
11932,696.0,True
11933,6784.0,True
11934,8222.0,True
11935,2946.0,True
11937,21806.0,True
11939,1741.0,True
11940,5508.0,True
11941,2472.0,True
11942,5871.0,True
11944,4744.0,True
11946,17303.0,True
11947,248.0,True
11948,775.0,True
11949,13159.0,True
11950,16944.0,True
11951,15830.0,True
11952,4749.0,True
11953,13383.0,True
11954,4073.0,True
11955,2626.0,True
11956,293.0,True
11957,1152.0,True
11958,864.0,True
11959,576.0,True
11960,1037.0,True
11961,12436.0,True
11962,546.0,True
11963,8114.0,True
11964,2858.0,True
11965,421.0,True
11967,27266.0,True
11968,14263.0,True
11970,468.0,True
11971,6507.0,True
11972,309.0,True
11973,42.0,True
11975,423.0,True
11976,2447.0,True
11977,2782.0,True
11978,4376.0,True
11980,5138.0,True
12007,314.0,True
12008,610.0,True
12009,8068.0,True
12010,27339.0,True
12015,4084.0,True
12017,439.0,True
12018,7069.0,True
12019,15683.0,True
12020,34140.0,True
12022,1069.0,True
12023,2364.0,True
12024,80.0,True
12025,5278.0,True
12027,4706.0,True
12028,1132.0,True
12029,1017.0,True
12031,224.0,True
12032,710.0,True
12033,7772.0,True
12035,455.0,True
12036,335.0,True
12037,4045.0,True
12040,29.0,True
12041,353.0,True
12042,286.0,True
12043,7883.0,True
12045,237.0,True
12046,612.0,True
12047,23406.0,True
12051,5706.0,True
12052,1931.0,True
12053,4325.0,True
12054,16988.0,True
12056,1818.0,True
12057,1966.0,True
12058,1451.0,True
12059,1531.0,True
12060,1768.0,True
12061,9778.0,True
12062,1723.0,True
12063,745.0,True
12064,314.0,True
12065,44726.0,True
12066,1830.0,True
12067,1250.0,True
12068,2717.0,True
12069,387.0,True
12070,2404.0,True
12071,221.0,True
12072,3019.0,True
12074,2833.0,True
12075,3147.0,True
12076,1316.0,True
12077,6733.0,True
12078,23087.0,True
12082,3.0,True
12083,3648.0,True
12084,5054.0,True
12085,309.0,True
12086,1644.0,True
12087,1678.0,True
12090,5874.0,True
12092,1423.0,True
12093,1258.0,True
12094,2560.0,True
12095,12013.0,True
12106,1963.0,True
12108,396.0,True
12110,19969.0,True
12115,62.0,True
12116,1533.0,True
12117,2841.0,True
12118,17056.0,True
12120,596.0,True
12121,2325.0,True
12122,3555.0,True
12123,4853.0,True
12124,182.0,True
12125,1147.0,True
12130,305.0,True
12131,209.0,True
12132,129.0,True
12134,4093.0,True
12136,881.0,True
12137,2347.0,True
12138,2826.0,True
12139,243.0,True
12140,1526.0,True
12143,5462.0,True
12144,21631.0,True
12147,508.0,True
12148,4121.0,True
12149,2176.0,True
12150,665.0,True
12151,986.0,True
12153,751.0,True
12154,2875.0,True
12155,1812.0,True
12156,939.0,True
12157,4444.0,True
12158,6221.0,True
12159,8794.0,True
12160,735.0,True
12161,41.0,True
12164,520.0,True
12165,202.0,True
12166,1459.0,True
12167,2257.0,True
12168,1691.0,True
12169,407.0,True
12170,5225.0,True
12172,184.0,True
12173,2040.0,True
12174,571.0,True
12175,725.0,True
12176,431.0,True
12177,361.0,True
12180,54071.0,True
12182,14273.0,True
12183,2966.0,True
12184,7547.0,True
12185,1699.0,True
12186,6608.0,True
12187,739.0,True
12188,11414.0,True
12189,18205.0,True
12190,683.0,True
12192,1033.0,True
12193,1829.0,True
12194,213.0,True
12195,155.0,True
12196,3848.0,True
12197,2275.0,True
12198,7337.0,True
12202,9500.0,True
12203,30080.0,True
12204,8423.0,True
12205,25912.0,True
12206,14592.0,True
12207,2097.0,True
12208,23936.0,True
12209,10754.0,True
12210,9725.0,True
12211,13800.0,True
12222,6494.0,True
12226,0.0,True
12302,27470.0,True
12303,29989.0,True
12304,22027.0,True
12305,7764.0,True
12306,27569.0,True
12307,7977.0,True
12308,13985.0,True
12309,32996.0,True
12401,35058.0,True
12404,4046.0,True
12405,449.0,True
12406,609.0,True
12407,197.0,True
12409,877.0,True
12410,379.0,True
12411,288.0,True
12412,603.0,True
12413,3406.0,True
12414,10034.0,True
12416,129.0,True
12417,984.0,True
12418,321.0,True
12419,1115.0,True
12420,435.0,True
12421,238.0,True
12422,469.0,True
12423,1033.0,True
12424,242.0,True
12427,926.0,True
12428,6972.0,True
12429,168.0,True
12430,1232.0,True
12431,1705.0,True
12432,654.0,True
12433,525.0,True
12434,892.0,True
12435,181.0,True
12436,516.0,True
12438,71.0,True
12439,380.0,True
12440,1577.0,True
12441,58.0,True
12442,425.0,True
12443,3601.0,True
12444,519.0,True
12446,5232.0,True
12448,163.0,True
12449,2916.0,True
12450,200.0,True
12451,849.0,True
12452,33.0,True
12453,212.0,True
12454,368.0,True
12455,1859.0,True
12456,666.0,True
12457,1171.0,True
12458,3195.0,True
12459,73.0,True
12460,161.0,True
12461,1426.0,True
12463,1531.0,True
12464,1071.0,True
12465,329.0,True
12466,1947.0,True
12468,1413.0,True
12469,842.0,True
12470,651.0,True
12471,274.0,True
12472,1118.0,True
12473,693.0,True
12474,891.0,True
12475,569.0,True
12477,18789.0,True
12480,499.0,True
12481,1359.0,True
12482,601.0,True
12483,59.0,True
12484,3271.0,True
12485,1136.0,True
12486,1737.0,True
12487,3829.0,True
12489,114.0,True
12490,0.0,True
12491,2017.0,True
12492,213.0,True
12493,343.0,True
12494,876.0,True
12495,229.0,True
12496,1241.0,True
12498,4530.0,True
12501,2374.0,True
12502,1019.0,True
12503,750.0,True
12504,1057.0,True
12507,279.0,True
12508,19519.0,True
12512,232.0,True
12513,198.0,True
12514,3120.0,True
12515,1483.0,True
12516,1748.0,True
12517,270.0,True
12518,5728.0,True
12520,3088.0,True
12521,1874.0,True
12522,5074.0,True
12523,2132.0,True
12524,15079.0,True
12525,1710.0,True
12526,3427.0,True
12527,42.0,True
12528,13818.0,True
12529,2345.0,True
12530,218.0,True
12531,2316.0,True
12533,26770.0,True
12534,17468.0,True
12538,14104.0,True
12540,9314.0,True
12542,5859.0,True
12543,3147.0,True
12544,54.0,True
12545,4389.0,True
12546,2710.0,True
12547,2808.0,True
12548,1039.0,True
12549,10896.0,True
12550,54996.0,True
12553,27300.0,True
12561,18531.0,True
12563,7456.0,True
12564,7910.0,True
12565,1575.0,True
12566,11718.0,True
12567,2498.0,True
12569,9766.0,True
12570,6324.0,True
12571,10168.0,True
12572,9168.0,True
12574,422.0,True
12575,1743.0,True
12577,1613.0,True
12578,2306.0,True
12580,4169.0,True
12581,1928.0,True
12582,6157.0,True
12583,1927.0,True
12585,1252.0,True
12586,12874.0,True
12589,19639.0,True
12590,35823.0,True
12592,1280.0,True
12594,3645.0,True
12601,44696.0,True
12603,41513.0,True
12604,2118.0,True
12701,12191.0,True
12719,892.0,True
12720,434.0,True
12721,7590.0,True
12722,0.0,True
12723,1854.0,True
12724,77.0,True
12725,318.0,True
12726,1169.0,True
12729,1307.0,True
12732,810.0,True
12733,1891.0,True
12734,563.0,True
12736,149.0,True
12737,1817.0,True
12738,444.0,True
12740,1683.0,True
12741,309.0,True
12742,132.0,True
12743,319.0,True
12745,6.0,True
12746,598.0,True
12747,2036.0,True
12748,1616.0,True
12749,507.0,True
12750,33.0,True
12751,1340.0,True
12752,301.0,True
12754,8525.0,True
12758,4061.0,True
12759,1835.0,True
12760,337.0,True
12762,453.0,True
12763,615.0,True
12764,1827.0,True
12765,653.0,True
12766,524.0,True
12767,180.0,True
12768,805.0,True
12769,382.0,True
12770,241.0,True
12771,14345.0,True
12775,2661.0,True
12776,2046.0,True
12777,791.0,True
12778,456.0,True
12779,2207.0,True
12780,2245.0,True
12781,138.0,True
12783,1357.0,True
12784,0.0,True
12785,968.0,True
12786,553.0,True
12787,131.0,True
12788,3122.0,True
12789,2654.0,True
12790,4341.0,True
12791,589.0,True
12792,171.0,True
12801,14689.0,True
12803,8915.0,True
12804,28175.0,True
12808,283.0,True
12809,3639.0,True
12810,488.0,True
12811,177.0,True
12812,265.0,True
12814,1145.0,True
12815,999.0,True
12816,4692.0,True
12817,2023.0,True
12819,292.0,True
12820,14.0,True
12821,2228.0,True
12822,6149.0,True
12823,682.0,True
12824,1022.0,True
12827,3935.0,True
12828,9775.0,True
12831,17834.0,True
12832,6395.0,True
12833,5368.0,True
12834,6137.0,True
12835,2700.0,True
12836,473.0,True
12837,943.0,True
12838,699.0,True
12839,13618.0,True
12841,87.0,True
12842,952.0,True
12843,729.0,True
12844,207.0,True
12845,4389.0,True
12846,3007.0,True
12847,667.0,True
12849,398.0,True
12850,2537.0,True
12851,304.0,True
12852,381.0,True
12853,1384.0,True
12854,98.0,True
12855,198.0,True
12856,300.0,True
12857,613.0,True
12858,167.0,True
12859,1629.0,True
12860,377.0,True
12861,516.0,True
12862,149.0,True
12863,870.0,True
12864,9.0,True
12865,3353.0,True
12866,39657.0,True
12870,1770.0,True
12871,3997.0,True
12872,0.0,True
12873,820.0,True
12874,154.0,True
12878,768.0,True
12883,4781.0,True
12884,567.0,True
12885,4531.0,True
12886,199.0,True
12887,4629.0,True
12901,32012.0,True
12903,1740.0,True
12910,1994.0,True
12911,44.0,True
12912,1860.0,True
12913,1128.0,True
12914,892.0,True
12915,61.0,True
12916,2250.0,True
12917,1194.0,True
12918,2762.0,True
12919,2789.0,True
12920,2509.0,True
12921,2771.0,True
12922,33.0,True
12923,463.0,True
12924,230.0,True
12926,2493.0,True
12927,308.0,True
12928,1805.0,True
12929,2882.0,True
12930,866.0,True
12932,1183.0,True
12933,7.0,True
12934,1147.0,True
12935,1159.0,True
12936,693.0,True
12937,1340.0,True
12939,162.0,True
12941,1477.0,True
12942,462.0,True
12943,293.0,True
12944,4043.0,True
12945,535.0,True
12946,4805.0,True
12950,701.0,True
12952,226.0,True
12953,12842.0,True
12955,494.0,True
12956,1538.0,True
12957,1721.0,True
12958,1650.0,True
12959,1790.0,True
12960,995.0,True
12961,92.0,True
12962,5131.0,True
12964,46.0,True
12965,281.0,True
12966,2962.0,True
12967,1363.0,True
12969,253.0,True
12970,1022.0,True
12972,7063.0,True
12973,136.0,True
12974,1545.0,True
12975,107.0,True
12976,196.0,True
12977,1186.0,True
12978,243.0,True
12979,2542.0,True
12980,1064.0,True
12981,2233.0,True
12983,7410.0,True
12985,775.0,True
12986,5304.0,True
12987,188.0,True
12989,1012.0,True
12992,4129.0,True
12993,1730.0,True
12996,1937.0,True
12997,1280.0,True
12998,334.0,True
13020,117.0,True
13021,37479.0,True
13024,1209.0,True
13026,1703.0,True
13027,35233.0,True
13028,913.0,True
13029,7594.0,True
13030,3611.0,True
13031,16076.0,True
13032,12964.0,True
13033,3660.0,True
13034,2088.0,True
13035,8191.0,True
13036,9079.0,True
13037,9519.0,True
13039,17184.0,True
13040,2683.0,True
13041,12094.0,True
13042,1884.0,True
13044,2884.0,True
13045,28388.0,True
13051,52.0,True
13052,1762.0,True
13053,4756.0,True
13054,1289.0,True
13057,14476.0,True
13060,2845.0,True
13061,641.0,True
13062,241.0,True
13063,1644.0,True
13065,131.0,True
13066,12680.0,True
13068,4464.0,True
13069,23176.0,True
13071,760.0,True
13072,811.0,True
13073,6246.0,True
13074,4471.0,True
13076,2521.0,True
13077,6567.0,True
13078,10564.0,True
13080,3282.0,True
13081,1094.0,True
13082,4177.0,True
13083,1861.0,True
13084,3764.0,True
13087,252.0,True
13088,21875.0,True
13090,29180.0,True
13092,2707.0,True
13101,2221.0,True
13102,67.0,True
13103,239.0,True
13104,16504.0,True
13108,6144.0,True
13110,2374.0,True
13111,1660.0,True
13112,1827.0,True
13113,41.0,True
13114,7313.0,True
13115,223.0,True
13116,3657.0,True
13117,211.0,True
13118,5514.0,True
13119,0.0,True
13120,1881.0,True
13121,0.0,True
13122,1289.0,True
13123,35.0,True
13124,95.0,True
13126,36199.0,True
13131,2856.0,True
13132,3561.0,True
13134,129.0,True
13135,6229.0,True
13136,377.0,True
13138,209.0,True
13140,4192.0,True
13141,643.0,True
13142,6568.0,True
13143,2405.0,True
13144,1105.0,True
13145,1794.0,True
13146,2050.0,True
13147,1043.0,True
13148,10798.0,True
13152,7548.0,True
13153,510.0,True
13154,38.0,True
13155,654.0,True
13156,2108.0,True
13157,547.0,True
13158,1377.0,True
13159,5297.0,True
13160,2321.0,True
13162,150.0,True
13163,334.0,True
13164,2695.0,True
13165,9429.0,True
13166,5667.0,True
13167,2984.0,True
13202,6842.0,True
13203,17387.0,True
13204,19511.0,True
13205,18562.0,True
13206,16848.0,True
13207,12383.0,True
13208,22549.0,True
13209,12995.0,True
13210,19298.0,True
13211,6155.0,True
13212,20185.0,True
13214,8713.0,True
13215,14599.0,True
13219,15546.0,True
13224,8638.0,True
13244,8816.0,True
13290,0.0,True
13301,113.0,True
13302,1403.0,True
13303,1455.0,True
13304,1841.0,True
13305,421.0,True
13308,4239.0,True
13309,5828.0,True
13310,731.0,True
13312,288.0,True
13313,562.0,True
13314,145.0,True
13315,1239.0,True
13316,5924.0,True
13317,3970.0,True
13318,982.0,True
13319,434.0,True
13320,2027.0,True
13321,815.0,True
13322,1059.0,True
13323,11014.0,True
13324,1714.0,True
13325,882.0,True
13326,4536.0,True
13327,1956.0,True
13328,1302.0,True
13329,3326.0,True
13331,175.0,True
13332,2695.0,True
13333,40.0,True
13334,887.0,True
13335,1388.0,True
13337,690.0,True
13338,1293.0,True
13339,6131.0,True
13340,7322.0,True
13342,263.0,True
13343,1543.0,True
13345,184.0,True
13346,6275.0,True
13348,1529.0,True
13350,9641.0,True
13352,21.0,True
13353,54.0,True
13354,3124.0,True
13355,883.0,True
13357,10073.0,True
13360,193.0,True
13361,666.0,True
13363,2290.0,True
13364,359.0,True
13365,8545.0,True
13367,8786.0,True
13368,1025.0,True
13402,1295.0,True
13403,7133.0,True
13404,162.0,True
13406,491.0,True
13407,5125.0,True
13408,3422.0,True
13409,2123.0,True
13410,575.0,True
13411,2920.0,True
13413,16940.0,True
13415,92.0,True
13416,2120.0,True
13417,3012.0,True
13418,186.0,True
13420,890.0,True
13421,12742.0,True
13424,2285.0,True
13425,1743.0,True
13428,1470.0,True
13431,1929.0,True
13433,1708.0,True
13435,337.0,True
13436,107.0,True
13437,254.0,True
13438,3310.0,True
13439,3667.0,True
13440,41273.0,True
13441,145.0,True
13450,251.0,True
13452,4850.0,True
13454,754.0,True
13455,71.0,True
13456,4103.0,True
13457,38.0,True
13459,2034.0,True
13460,4286.0,True
13461,3046.0,True
13464,1154.0,True
13468,305.0,True
13469,1107.0,True
13470,771.0,True
13471,2692.0,True
13472,277.0,True
13473,1060.0,True
13475,49.0,True
13476,2540.0,True
13477,1468.0,True
13478,3331.0,True
13480,3454.0,True
13482,73.0,True
13483,405.0,True
13484,103.0,True
13485,1715.0,True
13486,691.0,True
13488,130.0,True
13489,508.0,True
13490,1346.0,True
13491,3570.0,True
13492,11233.0,True
13493,2355.0,True
13494,312.0,True
13495,1889.0,True
13501,40235.0,True
13502,33241.0,True
13601,37409.0,True
13602,2700.0,True
13603,13973.0,True
13605,5106.0,True
13606,2397.0,True
13607,2061.0,True
13608,1845.0,True
13611,265.0,True
13612,2940.0,True
13613,2733.0,True
13614,287.0,True
13615,538.0,True
13616,1560.0,True
13617,12294.0,True
13618,1696.0,True
13619,10774.0,True
13620,2150.0,True
13621,683.0,True
13622,2100.0,True
13623,76.0,True
13624,4438.0,True
13625,1689.0,True
13626,2322.0,True
13628,185.0,True
13630,1307.0,True
13632,128.0,True
13633,378.0,True
13634,3866.0,True
13635,1283.0,True
13636,184.0,True
13637,5280.0,True
13638,172.0,True
13639,23.0,True
13640,305.0,True
13641,69.0,True
13642,9018.0,True
13643,20.0,True
13645,0.0,True
13646,2373.0,True
13647,159.0,True
13648,2236.0,True
13649,58.0,True
13650,1268.0,True
13651,127.0,True
13652,1876.0,True
13654,2370.0,True
13655,3705.0,True
13656,2945.0,True
13658,2028.0,True
13659,371.0,True
13660,1953.0,True
13661,2043.0,True
13662,15737.0,True
13664,401.0,True
13665,686.0,True
13666,236.0,True
13667,3460.0,True
13668,3313.0,True
13669,15615.0,True
13670,382.0,True
13672,408.0,True
13673,1983.0,True
13674,154.0,True
13675,51.0,True
13676,13408.0,True
13678,19.0,True
13679,1169.0,True
13680,1417.0,True
13681,941.0,True
13682,795.0,True
13683,58.0,True
13684,1105.0,True
13685,2234.0,True
13687,421.0,True
13690,651.0,True
13691,3172.0,True
13692,216.0,True
13693,315.0,True
13694,1232.0,True
13695,169.0,True
13696,188.0,True
13697,1951.0,True
13699,2123.0,True
13730,2763.0,True
13731,1102.0,True
13732,7438.0,True
13733,5265.0,True
13734,2243.0,True
13736,1887.0,True
13738,22.0,True
13739,792.0,True
13740,607.0,True
13743,2893.0,True
13744,1284.0,True
13746,2432.0,True
13747,0.0,True
13748,3722.0,True
13750,588.0,True
13751,334.0,True
13752,913.0,True
13753,5629.0,True
13754,2793.0,True
13755,737.0,True
13756,665.0,True
13757,1121.0,True
13760,42880.0,True
13774,230.0,True
13775,1839.0,True
13776,395.0,True
13777,445.0,True
13778,5139.0,True
13780,842.0,True
13782,797.0,True
13783,2200.0,True
13784,383.0,True
13786,440.0,True
13787,3120.0,True
13788,950.0,True
13790,18560.0,True
13795,3180.0,True
13796,915.0,True
13797,2105.0,True
13801,1533.0,True
13802,1206.0,True
13803,3936.0,True
13804,266.0,True
13806,168.0,True
13807,1260.0,True
13808,1486.0,True
13809,1688.0,True
13810,1195.0,True
13811,4102.0,True
13812,2313.0,True
13813,1148.0,True
13814,28.0,True
13815,12855.0,True
13820,22954.0,True
13825,2785.0,True
13826,68.0,True
13827,11713.0,True
13830,4826.0,True
13832,513.0,True
13833,4176.0,True
13834,108.0,True
13835,1182.0,True
13838,4185.0,True
13839,1362.0,True
13841,394.0,True
13842,607.0,True
13843,2014.0,True
13844,543.0,True
13846,259.0,True
13847,15.0,True
13849,4351.0,True
13850,23675.0,True
13856,5915.0,True
13859,119.0,True
13860,266.0,True
13861,450.0,True
13862,3667.0,True
13863,430.0,True
13864,1421.0,True
13865,5823.0,True
13901,19730.0,True
13902,6921.0,True
13903,17528.0,True
13904,9138.0,True
13905,28370.0,True
14001,9122.0,True
14004,11312.0,True
14005,1788.0,True
14006,9354.0,True
14008,1484.0,True
14009,5787.0,True
14011,7382.0,True
14012,2944.0,True
14013,1612.0,True
14020,22209.0,True
14024,1606.0,True
14025,3445.0,True
14026,561.0,True
14027,143.0,True
14028,1377.0,True
14029,31.0,True
14030,2051.0,True
14031,9741.0,True
14032,10359.0,True
14033,1412.0,True
14034,2175.0,True
14035,69.0,True
14036,5745.0,True
14037,923.0,True
14039,101.0,True
14040,1635.0,True
14041,204.0,True
14042,4207.0,True
14043,24799.0,True
14047,6072.0,True
14048,14949.0,True
14051,20333.0,True
14052,17501.0,True
14054,1359.0,True
14055,1300.0,True
14056,205.0,True
14057,7632.0,True
14058,2649.0,True
14059,9413.0,True
14060,346.0,True
14061,101.0,True
14062,3220.0,True
14063,12722.0,True
14065,1769.0,True
14066,1004.0,True
14067,4063.0,True
14068,8504.0,True
14069,492.0,True
14070,5437.0,True
14072,21441.0,True
14075,44588.0,True
14080,4434.0,True
14081,2736.0,True
14082,566.0,True
14083,20.0,True
14085,8439.0,True
14086,35659.0,True
14091,1402.0,True
14092,10318.0,True
14094,50526.0,True
14098,2968.0,True
14101,1984.0,True
14102,1894.0,True
14103,10836.0,True
14105,5113.0,True
14108,5301.0,True
14109,1341.0,True
14111,3125.0,True
14112,38.0,True
14113,646.0,True
14120,44379.0,True
14125,3668.0,True
14126,301.0,True
14127,30783.0,True
14129,1228.0,True
14130,110.0,True
14131,5339.0,True
14132,6432.0,True
14134,57.0,True
14135,109.0,True
14136,5274.0,True
14138,2019.0,True
14139,2093.0,True
14141,7624.0,True
14143,1230.0,True
14145,1275.0,True
14150,41585.0,True
14166,182.0,True
14167,1931.0,True
14168,90.0,True
14169,84.0,True
14170,2200.0,True
14171,1736.0,True
14172,3019.0,True
14173,183.0,True
14174,5768.0,True
14201,12545.0,True
14202,3764.0,True
14203,2526.0,True
14204,7748.0,True
14206,22427.0,True
14207,25731.0,True
14208,12731.0,True
14209,8373.0,True
14210,15454.0,True
14211,23951.0,True
14212,13603.0,True
14213,23072.0,True
14214,21162.0,True
14215,42813.0,True
14216,23221.0,True
14217,22566.0,True
14218,20661.0,True
14219,10894.0,True
14220,23786.0,True
14221,55153.0,True
14222,15440.0,True
14223,22363.0,True
14224,41101.0,True
14225,33801.0,True
14226,29482.0,True
14227,21669.0,True
14228,24345.0,True
14260,857.0,True
14261,4970.0,True
14301,11448.0,True
14302,209.0,True
14303,6210.0,True
14304,28965.0,True
14305,16433.0,True
14411,12479.0,True
14413,81.0,True
14414,6722.0,True
14415,132.0,True
14416,3908.0,True
14418,1147.0,True
14420,20097.0,True
14422,1693.0,True
14423,4829.0,True
14424,28851.0,True
14425,13582.0,True
14427,1875.0,True
14428,7986.0,True
14432,5583.0,True
14433,4319.0,True
14435,2398.0,True
14437,8970.0,True
14441,339.0,True
14445,7604.0,True
14450,43063.0,True
14453,0.0,True
14454,11044.0,True
14456,19864.0,True
14462,765.0,True
14463,258.0,True
14464,6725.0,True
14466,1656.0,True
14467,10468.0,True
14468,19119.0,True
14469,5789.0,True
14470,7765.0,True
14471,2792.0,True
14472,9156.0,True
14475,253.0,True
14476,2456.0,True
14477,1779.0,True
14478,1393.0,True
14479,61.0,True
14480,532.0,True
14481,1883.0,True
14482,8233.0,True
14485,4163.0,True
14486,374.0,True
14487,5632.0,True
14489,7016.0,True
14502,10515.0,True
14504,1655.0,True
14505,5165.0,True
14506,866.0,True
14507,1233.0,True
14510,4781.0,True
14511,529.0,True
14512,4908.0,True
14513,13501.0,True
14514,5979.0,True
14515,146.0,True
14516,2184.0,True
14517,2588.0,True
14519,12487.0,True
14521,3282.0,True
14522,9230.0,True
14525,2532.0,True
14526,19348.0,True
14527,12444.0,True
14529,76.0,True
14530,6396.0,True
14532,3933.0,True
14533,1754.0,True
14534,33361.0,True
14536,663.0,True
14537,217.0,True
14539,115.0,True
14541,3523.0,True
14542,33.0,True
14543,3301.0,True
14544,2274.0,True
14545,136.0,True
14546,4585.0,True
14548,3695.0,True
14549,404.0,True
14550,1273.0,True
14551,4969.0,True
14555,1206.0,True
14556,902.0,True
14557,139.0,True
14559,17646.0,True
14560,2392.0,True
14561,2198.0,True
14564,16257.0,True
14568,6023.0,True
14569,6372.0,True
14571,1001.0,True
14572,4745.0,True
14580,54466.0,True
14585,167.0,True
14586,13056.0,True
14588,0.0,True
14589,7904.0,True
14590,5264.0,True
14591,1453.0,True
14592,119.0,True
14604,2708.0,True
14605,11796.0,True
14606,27478.0,True
14607,17577.0,True
14608,12417.0,True
14609,40171.0,True
14610,14082.0,True
14611,17595.0,True
14612,35339.0,True
14613,14740.0,True
14614,1112.0,True
14615,18255.0,True
14616,26837.0,True
14617,21287.0,True
14618,24621.0,True
14619,14223.0,True
14620,22866.0,True
14621,33349.0,True
14622,12794.0,True
14623,25689.0,True
14624,38834.0,True
14625,10667.0,True
14626,29210.0,True
14627,3008.0,True
14642,0.0,True
14701,39207.0,True
14706,6118.0,True
14707,113.0,True
14708,139.0,True
14709,1190.0,True
14710,2951.0,True
14711,1861.0,True
14712,3079.0,True
14714,556.0,True
14715,2374.0,True
14716,2343.0,True
14717,612.0,True
14718,1961.0,True
14719,3334.0,True
14720,853.0,True
14721,176.0,True
14722,292.0,True
14723,1060.0,True
14724,3099.0,True
14726,2681.0,True
14727,5039.0,True
14728,856.0,True
14729,768.0,True
14731,1198.0,True
14732,26.0,True
14733,3201.0,True
14735,2609.0,True
14736,210.0,True
14737,4071.0,True
14738,3550.0,True
14739,2494.0,True
14740,1283.0,True
14741,1957.0,True
14742,104.0,True
14743,2095.0,True
14744,2186.0,True
14747,2035.0,True
14748,481.0,True
14750,4411.0,True
14752,171.0,True
14753,929.0,True
14754,633.0,True
14755,2834.0,True
14756,0.0,True
14757,3112.0,True
14760,17272.0,True
14767,2156.0,True
14769,849.0,True
14770,2805.0,True
14772,4431.0,True
14774,322.0,True
14775,2272.0,True
14777,531.0,True
14778,1428.0,True
14779,6791.0,True
14781,1859.0,True
14782,2010.0,True
14783,83.0,True
14784,950.0,True
14785,0.0,True
14787,4863.0,True
14788,95.0,True
14801,5415.0,True
14802,4627.0,True
14803,1491.0,True
14804,1501.0,True
14805,723.0,True
14806,2131.0,True
14807,2865.0,True
14808,470.0,True
14809,2921.0,True
14810,11412.0,True
14812,2961.0,True
14813,2465.0,True
14814,2047.0,True
14815,725.0,True
14816,502.0,True
14817,2811.0,True
14818,1819.0,True
14819,633.0,True
14820,556.0,True
14821,3015.0,True
14822,826.0,True
14823,3697.0,True
14824,778.0,True
14825,746.0,True
14826,2134.0,True
14827,0.0,True
14830,18752.0,True
14836,915.0,True
14837,5633.0,True
14838,2150.0,True
14839,553.0,True
14840,2514.0,True
14841,827.0,True
14842,930.0,True
14843,12452.0,True
14845,20552.0,True
14846,978.0,True
14847,2385.0,True
14850,66495.0,True
14853,2294.0,True
14854,99.0,True
14855,890.0,True
14856,0.0,True
14858,1405.0,True
14859,1100.0,True
14860,1079.0,True
14861,1356.0,True
14864,1144.0,True
14865,2578.0,True
14867,5188.0,True
14869,996.0,True
14870,10086.0,True
14871,4497.0,True
14872,596.0,True
14873,1937.0,True
14874,166.0,True
14877,680.0,True
14878,793.0,True
14879,2345.0,True
14880,1475.0,True
14881,159.0,True
14882,4193.0,True
14883,4525.0,True
14884,363.0,True
14885,659.0,True
14886,6654.0,True
14889,1341.0,True
14891,4527.0,True
14892,7531.0,True
14893,30.0,True
14894,1316.0,True
14895,9117.0,True
14897,770.0,True
14898,1501.0,True
14901,14430.0,True
14903,7140.0,True
14904,14276.0,True
14905,8976.0,True
